1134154744	1	1	1	1	0	1	0	0	1	0	1	0	0	1	0	0	1	1	1	0	0	1	0	0	0	0	1	0	0	0	0	0	0	0	0	0	0	0	0	0	0	0	1	0	0	0	0	0	1	0
1118205957	1	1	1	1	1	0	1	1	1	0	0	1	0	1	1	1	1	1	1	0	0	1	1	1	0	1	0	0	0	1	1	1	1	1	0	1	1	0	1	1	1	0	0	0	1	0	1	1	1	1
1103437230	1	1	1	1	0	1	0	1	0	0	0	0	0	1	1	1	1	0	1	1	0	1	1	1	1	1	1	1	1	1	0	1	1	0	0	1	1	1	1	1	0	1	1	1	0	1	1	1	1	0
1102001786	1	1	1	1	0	0	1	1	0	1	0	1	0	0	1	0	1	0	0	1	0	1	1	0	0	1	0	1	0	1	1	0	0	1	0	0	1	1	0	0	0	0	0	1	1	1	1	0	0	1
1094509529	1	1	1	1	0	0	1	1	0	0	0	0	0	1	0	1	1	0	1	0	0	0	0	1	0	0	0	0	0	1	0	0	1	0	0	0	0	1	0	1	0	0	0	0	0	0	0	1	0	0
1091369810	1	1	1	1	0	0	1	0	0	0	0	0	1	1	1	1	1	1	1	0	0	0	0	0	0	1	0	0	1	0	0	0	0	1	0	0	0	1	1	0	1	0	0	0	1	0	0	0	0	1
1090028970	1	1	1	1	0	0	0	1	0	0	1	1	0	0	0	0	1	1	0	0	0	1	1	0	0	0	0	0	0	0	0	1	0	1	0	0	0	0	0	0	0	0	0	0	0	0	0	0	0	0
1087336713	1	1	1	1	0	1	1	1	1	1	0	1	0	0	0	0	1	0	0	1	0	0	0	1	0	0	1	0	0	1	1	1	0	0	0	0	1	0	1	0	1	1	0	1	1	1	1	0	0	0
1086320011	1	1	1	1	0	0	1	1	0	0	1	1	1	1	0	1	1	1	0	0	0	1	0	1	0	1	1	0	0	1	0	1	1	0	0	0	0	1	1	1	1	1	0	1	0	0	1	1	1	1
1083323293	1	1	1	1	0	1	0	1	0	0	0	0	0	1	1	1	1	0	1	1	0	1	1	1	1	1	1	1	1	1	0	1	1	0	0	1	1	1	1	1	0	1	1	1	0	1	1	1	1	1
1082691263	1	1	1	1	0	1	0	1	1	1	1	0	1	1	1	1	1	1	1	0	0	0	0	1	0	1	1	1	1	0	0	1	1	1	0	0	1	1	1	1	1	1	0	0	1	0	1	1	1	1
1082681813	1	1	1	1	0	0	0	0	0	0	0	1	1	1	0	0	1	0	1	0	1	0	0	1	1	0	1	1	0	1	1	1	0	1	1	0	0	0	0	1	1	1	1	1	0	0	0	1	1	1
1079590717	1	1	1	1	1	1	0	1	1	1	0	1	1	0	0	1	1	0	1	1	0	1	1	1	1	0	0	0	1	1	1	1	1	1	0	0	1	1	1	1	0	0	1	1	0	1	1	0	1	1
1079450752	1	1	1	1	0	0	0	1	0	0	0	0	1	0	1	1	1	1	1	0	0	0	0	0	0	1	1	0	0	0	0	0	1	0	0	0	0	0	1	0	0	0	0	0	0	0	0	1	0	0
1078173155	1	1	1	1	0	0	0	0	0	0	1	0	0	0	0	1	0	0	0	1	1	0	0	0	1	0	0	0	1	0	0	0	1	0	0	0	0	0	0	0	0	0	1	0	0	0	0	0	0	0
1078124000	1	1	1	1	1	0	0	1	1	1	1	1	1	1	0	1	1	1	1	1	0	1	1	1	0	1	1	1	0	1	1	1	1	1	0	1	1	1	1	1	1	1	0	1	1	1	1	1	1	1
1074060093	1	1	1	1	1	0	1	0	0	1	0	0	1	1	1	1	1	1	1	1	0	1	0	1	0	1	1	1	0	1	0	0	0	0	0	1	0	0	1	1	0	1	0	0	0	0	1	0	0	1
1061720441	1	1	1	1	0	0	1	0	0	0	1	0	0	0	0	1	1	0	0	0	0	0	0	0	0	0	1	0	0	0	0	0	1	0	0	0	1	1	0	0	0	0	0	0	0	0	0	0	0	0
1057490178	1	1	1	1	0	1	1	1	1	0	0	1	0	0	0	1	1	1	1	1	0	1	0	0	0	1	1	0	0	0	0	1	0	0	0	1	1	0	1	0	1	1	0	0	1	0	0	1	0	0
1051905474	1	1	1	1	0	0	1	1	1	0	0	1	0	0	1	1	1	0	1	0	0	1	0	0	0	0	1	0	0	0	0	0	0	0	0	0	1	0	1	1	0	1	0	0	0	1	1	1	0	1
1048600370	1	1	1	1	0	0	1	0	1	1	0	0	0	1	0	0	1	1	1	0	0	1	1	1	1	1	0	0	1	0	0	0	0	0	0	1	1	0	1	1	1	1	1	1	1	1	1	0	0	0
1047800178	1	1	1	1	0	1	0	0	0	0	1	0	0	1	1	1	1	1	0	0	0	1	1	0	1	1	0	0	1	1	1	0	1	0	0	1	1	0	0	1	1	0	1	1	1	1	0	0	1	0
1046347798	1	1	1	1	0	1	0	0	0	0	0	0	0	1	0	0	1	0	1	0	0	0	1	1	0	0	1	1	0	1	0	0	0	1	0	0	0	0	1	1	1	1	0	1	0	0	1	0	0	1
1046084601	1	1	1	1	0	0	0	1	1	0	0	0	0	1	0	0	1	0	0	1	0	1	1	0	0	0	0	0	0	1	0	0	1	0	0	0	0	0	1	0	0	0	0	0	0	0	0	0	1	0
1045465922	1	1	1	1	0	0	0	0	0	0	1	1	0	0	0	0	1	0	0	0	0	0	0	0	0	0	0	0	0	0	0	0	0	0	0	0	0	0	0	0	0	0	0	0	0	0	0	0	0	0
1043652661	1	1	1	1	0	1	1	0	1	1	1	1	1	1	1	1	1	1	1	1	0	1	1	1	1	1	0	0	1	1	1	1	1	1	0	0	0	1	1	0	1	1	0	1	1	1	1	0	0	1
1041759781	1	1	1	1	0	0	0	0	0	0	0	1	0	1	0	0	0	1	1	0	0	0	0	0	0	0	0	0	0	0	0	0	0	1	0	0	0	1	0	0	0	0	0	0	0	0	0	0	1	0
1040525579	1	1	1	1	0	1	0	0	1	0	0	0	0	1	1	1	1	1	0	0	0	0	1	0	0	1	0	1	1	0	1	0	0	1	0	1	1	1	0	1	0	0	1	0	0	0	1	0	1	0
1039423524	1	1	1	1	1	1	0	1	1	0	1	1	0	1	0	0	1	0	0	0	0	1	1	0	0	0	0	0	0	1	0	0	0	0	0	0	0	1	1	0	0	1	0	0	0	0	0	1	0	0
1039220893	1	1	1	1	0	0	0	0	0	0	0	0	0	0	0	0	0	0	0	0	0	0	0	0	0	0	0	0	0	0	0	0	0	0	0	0	0	0	0	0	0	0	0	0	0	0	0	0	0	0
1034111901	1	1	1	1	0	0	1	0	1	0	0	1	1	1	1	0	1	1	1	0	0	1	1	0	0	0	1	0	1	0	0	1	0	0	0	0	0	0	0	0	1	1	1	0	1	1	1	0	1	0
1089986963	1	1	1	1	0	0	0	0	0	0	0	1	0	0	0	0	0	0	0	0	0	0	0	0	0	1	0	0	0	0	0	0	0	0	0	0	0	0	0	0	0	0	0	0	0	0	0	0	0	0
1083145837	1	1	1	1	1	0	0	0	0	0	0	0	0	0	0	0	1	0	1	0	0	0	1	0	1	0	0	1	1	0	0	1	0	1	0	0	0	0	1	0	0	1	0	0	0	0	1	0	0	0
1083141695	1	1	1	1	1	0	0	0	0	0	0	0	1	1	0	0	1	1	0	0	0	1	1	1	0	1	0	0	0	0	0	1	0	1	0	0	0	1	0	1	0	0	0	0	0	0	0	0	0	0
1083134119	1	1	1	1	0	0	0	0	0	0	0	0	0	1	1	0	0	0	1	0	0	0	0	0	0	0	0	0	0	1	0	0	0	1	0	0	0	0	0	0	0	1	0	0	1	0	1	0	0	1
1083132788	1	1	1	1	0	0	0	0	0	0	1	0	0	1	0	0	1	0	1	0	0	0	0	0	0	0	0	0	0	0	0	0	1	0	0	0	0	0	1	1	0	0	0	0	1	0	0	0	0	0
1083132591	1	1	1	1	1	1	1	0	1	1	0	0	1	1	1	1	1	1	0	0	0	0	0	1	1	1	0	0	0	0	0	0	1	0	0	0	1	0	0	0	0	0	0	1	0	0	0	0	0	0
1083099244	1	1	1	1	0	0	0	0	0	0	1	0	0	0	0	0	1	0	0	0	0	0	0	0	0	0	0	0	0	0	0	0	0	0	0	0	0	1	0	0	0	0	0	0	0	0	0	0	0	0
1079084459	1	1	1	1	1	0	0	0	0	0	0	0	1	0	0	0	1	1	1	0	0	0	0	0	0	0	0	0	0	1	0	0	0	1	0	0	0	1	1	0	0	1	0	0	0	0	0	0	0	0
1077417941	1	1	1	1	0	0	0	0	0	0	0	0	0	0	0	0	1	0	0	0	0	0	0	0	0	0	0	0	0	0	0	0	0	1	0	0	0	0	0	0	0	0	0	0	0	0	0	0	0	0
1075850369	1	1	1	1	0	0	1	0	0	1	0	0	0	0	1	0	1	1	0	0	0	0	0	0	1	0	0	1	0	1	0	0	0	0	1	0	0	0	0	0	0	1	1	0	1	0	1	0	0	0
1075835925	1	1	1	1	1	0	1	0	0	0	0	0	0	0	0	0	0	0	0	0	0	0	0	0	0	0	0	0	0	0	0	0	0	1	0	0	0	0	0	0	0	0	0	0	0	0	0	0	0	1
1075782862	1	1	1	1	0	0	0	0	0	0	1	1	0	1	0	1	0	0	1	1	0	0	1	1	0	0	1	0	0	0	0	0	0	1	0	0	0	1	0	1	0	0	0	0	0	0	1	0	0	1
1075388823	1	1	1	1	1	0	0	0	0	0	0	0	1	1	1	1	1	1	1	0	0	0	0	0	1	0	1	0	0	1	0	0	1	0	0	0	0	0	0	1	0	1	0	0	0	0	0	0	0	1
1074776121	1	1	1	1	1	1	0	0	0	0	0	0	0	1	0	0	1	0	0	1	0	1	1	0	0	1	0	0	0	1	0	0	0	1	0	0	0	1	1	0	0	0	0	0	0	0	0	0	0	1
1074717429	1	1	1	1	0	1	0	0	0	1	0	0	0	0	1	0	1	0	0	1	0	1	0	0	0	1	1	1	0	1	1	0	1	0	0	0	0	1	0	1	1	0	0	1	1	0	1	0	0	0
1074712182	1	1	1	1	1	1	0	0	1	0	1	0	0	0	1	0	0	0	1	0	0	0	0	0	0	0	0	1	0	0	0	0	0	0	0	0	1	0	0	1	0	1	0	0	0	0	0	0	1	0
1080572561	1	1	1	1	0	0	0	0	0	0	0	0	0	0	0	0	1	0	0	0	0	0	0	0	0	0	0	0	0	0	0	0	0	0	0	0	0	0	0	0	0	0	0	0	0	0	0	0	0	0
1078177320	1	1	1	1	0	0	0	0	0	0	0	1	0	1	0	0	1	0	0	0	0	1	1	0	1	0	0	0	0	0	1	0	0	1	0	1	0	1	1	1	0	0	1	0	0	0	0	0	1	0
1066954477	1	1	1	1	0	1	0	0	0	1	1	0	0	0	0	0	1	0	0	0	0	0	0	0	1	1	0	0	1	0	0	0	0	0	0	0	0	1	0	0	0	0	1	0	0	0	1	0	1	0
1084138823	1	1	1	1	0	0	0	1	1	0	1	1	0	1	0	0	1	1	1	0	0	0	1	0	1	1	0	0	1	0	0	0	0	1	0	0	0	0	1	1	0	0	1	0	1	0	0	0	0	1
1077263892	1	1	1	1	0	0	0	1	0	0	0	0	0	0	0	0	0	1	0	0	0	1	0	0	1	0	0	0	0	0	0	0	0	1	0	1	0	1	1	1	0	0	0	1	0	0	0	0	0	0
1076463246	1	1	1	1	0	0	1	0	0	0	1	0	1	1	1	1	1	1	1	0	0	1	0	0	0	1	1	0	0	0	0	1	1	0	0	1	0	0	1	1	1	1	0	1	0	0	0	0	1	0
1075832066	1	1	1	1	1	0	1	0	1	1	0	0	0	1	1	0	1	1	1	1	0	1	1	1	0	1	0	1	0	1	0	1	0	0	0	0	0	0	1	0	0	0	0	0	1	1	1	0	0	0
1061236025	1	1	1	1	1	1	0	0	0	0	0	0	1	1	1	1	1	1	0	0	1	0	0	0	0	1	0	0	0	1	1	1	1	1	1	0	1	0	1	0	0	0	1	1	1	1	1	0	0	0
1136618969	1	1	1	1	0	1	1	0	0	0	1	0	0	1	1	1	0	1	1	0	0	0	0	0	0	1	0	0	0	0	0	0	0	1	1	0	0	0	0	1	0	0	0	0	0	0	0	0	1	0
1136577168	1	1	1	1	0	1	1	0	1	1	1	1	1	1	1	0	0	1	1	1	1	1	0	1	1	0	1	0	1	0	1	1	0	0	0	0	0	0	0	1	0	1	1	0	1	1	1	0	1	0
1121016034	1	1	1	1	1	1	1	0	1	1	0	0	0	1	1	0	0	1	1	0	0	1	1	0	0	0	0	1	0	1	0	0	0	1	0	0	0	0	1	0	0	0	0	0	0	0	1	0	0	0
1102536463	1	1	1	1	0	0	0	0	0	0	1	0	1	1	1	1	1	1	1	1	0	1	0	1	0	1	1	0	0	1	1	1	1	1	0	1	0	0	1	1	1	1	0	0	0	0	1	0	1	0
1088089875	1	1	1	1	0	0	1	0	1	1	1	0	1	1	1	1	1	1	1	1	0	1	1	1	1	1	1	1	0	1	1	1	1	1	0	1	1	1	1	1	1	1	1	0	0	0	1	0	1	1
1088088362	1	1	1	1	1	1	0	1	1	1	1	1	1	1	1	1	0	1	1	0	0	1	1	1	1	1	1	1	1	1	1	1	1	1	0	0	0	0	1	1	1	0	1	1	1	1	1	1	1	1
1086341009	1	1	1	1	0	1	1	0	1	1	1	1	1	0	1	0	1	1	1	0	0	0	0	1	0	1	1	1	1	0	0	0	0	1	0	0	0	0	0	1	1	1	0	1	0	1	1	0	0	0
1076318536	1	1	1	1	0	1	0	0	0	0	1	0	0	1	1	0	1	0	1	0	0	1	0	1	1	0	1	0	0	0	0	1	1	1	0	1	0	0	1	1	1	1	1	1	0	1	1	0	0	0
1075786965	1	1	1	1	1	0	0	0	0	0	0	0	0	1	0	1	1	1	0	0	0	0	0	0	0	1	0	0	0	0	0	1	0	0	0	1	0	0	1	1	0	0	0	0	0	0	0	0	1	0
1061795927	1	1	1	1	0	0	0	0	0	0	1	0	0	0	0	0	1	0	0	0	0	0	0	0	0	0	0	0	0	0	0	0	0	1	0	0	0	0	0	1	0	0	0	1	0	0	0	0	0	0
1053346640	1	1	1	1	0	0	1	1	1	0	0	0	1	1	0	1	1	1	1	1	0	1	0	1	0	1	1	0	1	1	0	0	1	0	1	1	0	0	0	1	1	0	0	1	0	0	0	1	0	1
1053076041	1	1	1	1	1	0	0	1	1	0	0	0	0	1	0	0	1	0	1	0	1	0	0	1	0	0	0	1	0	1	1	0	1	1	0	0	1	0	1	0	0	1	0	0	1	0	0	0	0	0
1051669534	1	1	1	1	0	0	0	1	1	0	1	0	0	1	0	1	1	0	1	1	1	1	0	0	0	0	0	0	0	0	0	0	0	1	0	0	0	1	0	1	0	0	0	0	0	0	0	0	0	0
1051587648	1	1	1	1	1	0	1	0	0	0	0	0	1	1	1	0	0	1	1	0	0	1	1	0	0	1	0	0	0	1	1	1	1	1	0	0	0	0	1	0	0	0	0	0	0	0	0	0	0	0
1048578800	1	1	1	1	1	1	1	0	1	0	1	0	0	0	0	0	1	0	1	0	1	0	0	0	1	0	0	0	1	0	0	0	0	1	1	0	0	0	0	0	0	0	1	0	0	0	0	0	0	0
1045039647	1	1	1	1	1	1	1	1	1	0	1	1	0	1	0	0	1	0	0	0	0	1	1	0	0	0	0	0	0	1	0	0	0	0	0	1	0	1	1	0	0	1	0	1	1	1	1	1	1	0
1044913829	1	1	1	1	1	0	1	0	1	0	1	1	1	1	0	0	1	0	1	1	0	0	1	0	1	1	0	0	0	1	0	1	0	1	0	0	0	1	1	1	0	1	1	0	0	0	1	0	1	0
1044859314	1	1	1	1	0	0	0	1	0	0	0	0	0	0	1	0	1	1	1	0	0	0	0	0	1	1	1	0	0	0	0	0	0	0	0	0	0	1	0	0	0	0	1	0	0	0	0	0	0	0
1044851326	1	1	1	1	0	0	0	0	0	0	0	0	1	0	0	1	1	1	1	0	0	0	0	1	1	0	1	0	0	0	0	0	1	0	0	0	0	0	0	1	1	0	1	0	0	0	1	0	1	1
1044844656	1	1	1	1	1	1	1	0	1	1	1	0	0	1	0	0	1	1	1	0	0	1	1	1	0	1	1	1	1	1	1	0	0	1	0	0	0	1	1	1	0	0	0	0	1	0	1	0	0	1
1042269251	1	1	1	1	0	0	0	1	0	0	1	0	0	1	0	1	1	1	0	1	0	1	1	1	0	0	1	0	0	1	1	0	1	0	0	0	1	0	1	0	1	0	0	0	0	0	0	0	1	1
1041894401	1	1	1	1	0	0	0	0	0	0	1	0	0	1	0	0	1	1	0	0	0	0	0	0	1	0	0	0	0	0	0	0	0	0	0	0	0	0	0	1	0	0	1	0	0	0	0	0	1	0
1077961656	1	1	1	1	1	0	0	0	0	0	1	0	1	1	0	0	1	0	0	1	0	1	0	0	0	1	0	0	0	0	1	0	0	1	0	0	0	1	0	0	0	0	1	1	0	1	0	0	0	0
1075880466	1	1	1	1	1	0	1	0	0	0	1	1	1	0	0	1	1	0	0	0	0	1	0	1	1	0	0	0	0	0	0	0	0	0	0	0	0	1	1	0	0	0	1	0	0	0	0	0	0	0
1072292204	1	1	1	1	0	0	0	0	0	0	0	0	0	0	0	0	0	0	0	0	0	0	0	0	0	0	0	0	0	0	0	0	0	0	0	0	0	0	0	0	0	0	0	0	0	0	0	0	0	0
1069435655	1	1	1	1	0	0	0	0	1	0	0	1	0	1	0	0	1	1	1	0	0	1	0	0	1	0	1	0	0	1	0	0	1	0	0	1	0	1	0	0	0	0	1	0	0	0	1	0	1	0
1144135329	1	1	2	2	0	1	0	1	1	0	1	1	0	1	1	0	0	1	1	1	0	1	1	1	1	1	1	0	0	1	0	0	1	0	0	0	0	0	1	0	0	1	1	0	0	0	0	0	1	1
1121020320	1	1	2	2	0	0	0	1	0	0	0	1	0	1	0	1	1	0	0	0	0	0	1	0	0	1	1	0	0	1	0	0	0	0	0	0	0	0	0	1	0	0	0	0	0	0	1	0	0	0
1103471180	1	1	2	2	0	0	0	1	0	1	1	0	1	1	0	0	0	1	1	0	0	1	0	0	0	1	0	0	0	1	0	0	1	0	0	0	0	0	0	1	1	1	0	1	0	1	1	0	0	1
1103448464	1	1	2	2	0	0	1	0	0	0	1	0	1	1	1	1	1	0	1	0	0	0	0	0	0	1	0	0	0	0	0	0	1	0	0	0	0	0	0	0	0	0	0	0	0	1	1	0	0	0
1102531772	1	1	2	2	0	0	1	0	0	0	1	0	0	1	1	1	1	1	1	1	1	0	0	1	0	0	1	0	0	0	0	0	1	1	1	0	0	0	1	1	0	1	0	0	0	0	0	0	0	1
1101587235	1	1	2	2	0	1	0	1	1	0	0	1	1	0	1	0	1	0	1	1	0	1	0	0	1	0	0	0	1	1	1	0	1	0	0	0	1	0	1	1	0	0	1	0	1	0	1	1	0	0
1101228476	1	1	2	2	0	1	1	1	1	1	0	1	1	1	0	1	1	0	0	1	0	1	1	0	0	0	0	1	1	1	0	0	1	0	0	0	0	0	0	0	0	0	0	1	1	1	0	1	0	0
1099818843	1	1	2	2	0	0	1	0	1	0	0	0	0	1	1	0	1	1	0	0	0	0	0	0	0	1	1	0	0	1	0	1	0	0	0	1	0	0	1	1	1	1	0	0	1	0	0	0	1	0
1099752992	1	1	2	2	1	0	1	1	0	0	0	1	0	1	0	0	1	0	0	0	0	1	0	0	0	0	0	1	0	0	0	0	0	0	0	0	0	0	0	1	0	0	0	1	0	0	0	0	0	1
1098238776	1	1	2	2	0	0	0	1	0	0	0	0	0	1	0	0	0	0	0	0	0	1	0	0	0	0	0	0	0	1	0	0	0	0	0	0	0	0	0	0	0	0	0	0	0	0	0	0	0	0
1097450357	1	1	2	2	1	0	0	1	0	0	0	0	0	0	0	0	1	0	0	0	0	1	0	0	0	0	0	0	0	0	0	0	0	0	1	0	0	0	0	0	0	0	0	0	0	0	0	0	0	0
1092888497	1	1	2	2	0	1	0	0	1	0	0	0	0	0	0	0	1	0	0	0	0	0	0	0	1	1	0	0	1	0	0	0	0	0	0	0	0	1	0	0	0	0	1	0	1	1	0	0	0	0
1091457935	1	1	2	2	0	0	0	1	0	0	0	1	0	0	0	0	0	0	0	0	0	0	0	0	0	0	0	0	0	0	0	0	0	0	0	0	0	0	0	0	0	0	0	0	0	0	0	0	0	0
1090874724	1	1	2	2	0	1	0	1	1	1	0	1	0	1	0	0	1	0	1	1	0	1	0	0	1	0	0	1	1	0	0	0	0	0	0	0	1	0	0	0	0	0	0	0	0	0	1	0	0	1
1090418690	1	1	2	2	0	0	0	0	1	0	0	1	0	0	0	0	1	0	1	0	0	0	0	0	0	0	0	0	0	0	0	0	0	0	0	0	0	1	0	1	0	0	0	0	1	0	1	1	0	0
1090243389	1	1	2	2	1	0	1	0	0	0	1	1	1	1	0	1	0	1	1	0	0	0	1	1	0	0	0	1	0	1	0	1	1	1	0	1	0	0	0	1	1	1	0	0	0	0	0	0	1	0
1090041389	1	1	2	2	0	0	0	1	0	0	1	1	0	0	1	1	1	1	1	1	0	1	0	1	0	1	1	0	0	0	0	1	0	0	0	0	0	0	0	0	1	1	1	1	0	0	1	1	1	1
1090021403	1	1	2	2	0	0	1	1	1	0	1	1	1	1	1	1	1	1	1	1	0	1	1	1	0	1	1	1	0	1	0	1	1	0	0	1	1	0	1	1	1	1	0	1	1	0	1	1	1	1
1088147007	1	1	2	2	0	0	0	0	0	0	0	0	0	1	0	1	1	1	0	0	0	0	0	0	0	1	1	0	0	0	0	1	0	1	0	0	0	0	1	0	1	0	0	0	0	0	0	0	0	0
1087282934	1	1	2	2	1	0	1	1	1	0	0	1	1	1	1	0	1	1	1	1	0	0	1	1	0	1	0	0	0	0	1	0	0	0	0	0	0	0	0	0	0	0	0	0	1	0	0	1	0	0
1086312831	1	1	2	2	0	0	1	1	1	0	1	0	1	1	1	1	1	1	1	0	0	1	1	1	0	1	1	1	0	0	0	1	1	1	0	0	1	0	1	1	1	1	0	0	0	0	1	0	1	1
1083971761	1	1	2	2	0	0	0	0	0	0	0	0	1	0	0	0	0	0	1	0	0	0	1	1	0	1	0	0	0	1	0	1	0	0	0	1	1	0	0	0	0	1	0	0	0	0	0	0	1	0
1083359217	1	1	2	2	0	0	1	0	0	0	1	0	1	1	0	1	1	0	1	0	0	0	0	1	0	1	0	0	0	0	0	0	1	0	0	0	0	0	0	0	0	0	0	0	0	1	1	0	0	0
1083350736	1	1	2	2	0	1	0	0	1	1	1	1	1	1	1	1	1	1	1	1	0	1	1	1	1	1	0	1	0	1	1	1	1	0	0	1	1	1	1	1	1	1	1	1	1	0	1	1	1	1
1083279189	1	1	2	2	0	0	0	0	1	0	1	1	0	1	1	0	1	1	1	1	0	1	1	1	0	1	1	0	0	0	0	1	0	0	0	0	1	1	1	1	0	1	0	1	0	0	0	1	1	1
1083245291	1	1	2	2	0	0	1	0	1	0	1	0	0	1	1	1	1	1	1	0	0	0	0	1	0	1	1	0	0	0	0	1	1	0	0	1	0	0	1	1	1	1	0	1	0	0	1	0	1	0
1078150263	1	1	2	2	0	0	1	0	0	0	1	1	1	1	1	1	1	1	1	1	0	0	1	1	0	1	1	1	1	1	0	1	1	0	0	1	0	0	1	1	1	1	0	1	1	1	1	0	1	1
1078086599	1	1	2	2	0	0	0	0	0	0	1	0	0	0	0	1	1	1	0	0	0	0	0	0	0	0	0	0	0	0	0	0	0	0	0	0	0	0	0	0	0	0	0	0	0	0	0	0	0	0
1078067405	1	1	2	2	0	0	0	0	0	0	1	1	1	1	1	1	1	1	1	1	0	1	1	1	0	1	1	1	0	1	0	1	1	0	0	0	1	0	1	1	1	0	0	0	0	0	0	0	1	0
1078044835	1	1	2	2	0	0	0	1	1	0	1	1	1	0	0	0	1	1	1	0	0	1	0	0	1	1	1	0	0	0	1	0	0	1	0	1	1	0	0	1	1	0	1	1	1	0	1	1	0	1
1078038177	1	1	2	2	0	0	0	1	1	0	1	1	0	1	0	1	1	1	0	0	0	1	0	0	0	0	1	0	0	0	0	0	1	0	0	1	0	0	1	0	0	1	0	1	1	0	0	1	1	1
1078019081	1	1	2	2	0	1	1	1	0	0	1	1	1	1	1	1	1	1	1	0	0	1	0	1	0	1	1	1	0	1	1	1	1	1	0	1	1	0	1	1	1	1	0	0	0	0	1	1	1	1
1077545895	1	1	2	2	0	0	1	0	0	0	0	0	0	1	0	1	1	1	0	0	0	0	0	0	0	1	1	0	0	0	0	1	0	1	0	0	0	0	1	0	1	0	0	0	0	0	0	0	0	0
1075841711	1	1	2	2	0	0	0	1	0	0	1	0	0	0	0	0	1	1	1	0	1	0	0	0	0	1	0	0	0	0	0	0	0	0	1	0	0	0	0	0	0	0	0	0	0	0	0	1	1	0
1075821152	1	1	2	2	1	0	0	1	0	0	0	0	0	0	0	0	0	0	0	0	1	0	1	0	0	0	0	0	0	0	0	0	0	0	1	0	0	0	0	0	0	0	0	0	0	0	0	0	0	0
1068382287	1	1	2	2	1	0	0	0	1	1	0	1	0	1	0	0	0	0	1	0	0	1	0	0	0	1	0	0	0	0	0	0	0	0	1	0	1	0	0	0	0	0	0	0	0	0	1	0	0	1
1062380325	1	1	2	2	0	0	0	0	0	0	1	0	0	0	1	0	1	0	0	0	0	1	0	0	0	0	0	0	0	0	0	0	1	0	0	0	0	0	0	0	0	0	0	0	1	1	0	0	0	0
1057321782	1	1	2	2	0	0	0	0	0	1	0	1	0	1	1	0	1	0	1	1	0	1	1	0	1	1	1	0	1	1	1	1	0	1	1	0	1	1	1	0	1	0	1	0	1	1	0	0	0	0
1055198279	1	1	2	2	0	0	0	1	1	0	0	0	0	1	0	1	1	0	0	0	0	0	0	0	0	0	0	0	0	0	0	1	1	0	1	0	0	1	0	0	0	0	0	1	0	0	0	0	0	0
1054336663	1	1	2	2	1	0	0	0	0	0	0	1	0	0	0	0	1	0	0	0	0	0	0	0	0	0	0	0	0	0	0	0	0	1	0	0	0	1	0	0	0	0	0	1	1	1	0	0	0	0
1053939126	1	1	2	2	0	0	0	0	1	0	0	0	0	0	0	0	0	0	0	0	0	0	1	0	0	0	0	0	0	1	0	0	0	0	0	0	0	0	0	0	0	0	0	0	0	0	0	0	0	0
1051593732	1	1	2	2	0	0	1	0	0	0	1	0	1	1	1	1	1	1	1	0	0	0	1	0	0	1	0	0	0	1	0	0	0	1	1	0	0	1	0	1	0	1	0	0	0	0	0	0	1	0
1051299229	1	1	2	2	1	0	1	0	0	0	0	0	0	1	0	0	0	0	0	0	0	0	0	0	0	0	0	0	0	0	0	1	0	0	0	0	0	0	0	0	0	0	0	0	0	0	0	0	0	0
1050781225	1	1	2	2	0	0	0	0	0	0	1	1	0	0	1	0	0	0	1	0	0	0	0	0	1	0	1	0	0	0	0	1	0	0	0	0	0	1	0	0	0	0	1	0	1	0	1	0	1	1
1049776353	1	1	2	2	0	0	0	0	0	0	0	0	0	1	0	0	1	0	1	1	0	0	1	0	0	0	1	0	0	0	0	0	1	0	0	0	0	0	0	0	0	1	0	0	0	0	0	0	0	0
1049708450	1	1	2	2	0	0	1	0	0	0	1	0	0	1	0	0	1	0	0	0	1	0	0	1	0	0	0	0	0	0	0	0	0	1	1	0	0	0	0	0	0	0	0	0	0	0	0	0	0	0
1047577103	1	1	2	2	0	0	1	0	0	0	0	0	0	1	1	0	1	0	1	0	0	0	1	0	0	1	0	0	0	0	0	0	1	1	1	0	0	1	1	1	0	0	0	0	0	1	0	0	1	0
1046304579	1	1	2	2	0	1	1	1	1	1	1	1	0	1	1	0	0	1	1	1	0	1	1	1	1	1	1	1	1	1	0	1	1	1	0	1	0	1	1	1	1	0	1	1	1	1	1	1	1	1
1046133304	1	1	2	2	0	0	0	0	1	0	0	0	1	1	0	1	1	0	1	1	0	1	0	1	0	0	0	0	0	1	1	1	1	1	0	0	1	1	1	0	0	0	0	0	0	0	1	0	0	1
1046098028	1	1	2	2	0	0	0	0	0	0	0	0	1	1	0	1	0	0	0	0	1	0	0	0	0	0	0	0	0	0	0	0	1	0	1	0	0	0	0	0	0	0	0	0	0	0	0	0	0	0
1046085709	1	1	2	2	0	0	0	0	0	0	0	0	0	0	0	0	1	0	0	0	0	0	1	0	1	0	0	1	1	0	0	0	0	1	0	0	0	1	0	0	0	0	0	0	0	0	0	0	0	0
1044958753	1	1	2	2	0	0	0	1	1	0	0	1	1	1	1	1	1	1	1	0	0	0	1	1	0	0	0	0	0	1	0	0	1	0	0	0	0	1	1	0	0	0	0	1	1	1	1	1	1	1
1044917768	1	1	2	2	1	0	1	0	0	0	0	1	0	1	1	0	1	1	0	0	0	1	0	0	0	0	0	0	0	0	1	0	0	0	1	0	0	0	1	0	0	0	0	0	1	0	0	0	1	0
1044907315	1	1	2	2	1	0	0	1	0	0	0	0	0	1	0	1	1	0	0	0	0	0	0	0	0	1	0	0	0	0	0	0	0	1	0	0	0	1	0	1	0	0	0	0	0	0	0	1	1	0
1044902999	1	1	2	2	0	0	1	0	0	0	1	0	1	1	0	1	1	1	1	0	0	0	0	1	0	1	0	0	0	0	0	0	1	1	0	1	0	1	1	1	1	0	0	1	0	0	1	0	1	0
1044854531	1	1	2	2	0	0	1	0	0	0	0	0	0	1	0	0	0	1	0	0	0	1	0	0	0	0	0	0	0	1	0	1	0	0	0	0	1	0	1	0	0	0	0	0	0	0	1	0	0	0
1040887546	1	1	2	2	0	0	0	0	0	0	0	0	0	0	0	0	1	0	0	0	0	0	0	0	0	1	0	0	0	0	0	0	0	0	0	0	0	0	0	0	0	0	0	0	0	0	0	0	1	0
1040673623	1	1	2	2	0	0	0	1	0	0	0	1	0	1	0	0	1	1	0	0	0	0	0	0	0	0	0	0	0	1	0	0	0	1	0	1	0	1	1	0	0	0	0	0	0	0	0	0	1	0
1040673304	1	1	2	2	0	0	0	0	1	0	1	1	0	1	1	0	1	0	1	0	0	0	0	0	0	0	1	0	0	1	0	1	1	0	0	1	0	0	1	0	1	0	0	0	0	0	1	0	1	0
1040529514	1	1	2	2	1	0	1	0	0	0	1	0	0	1	0	0	1	1	0	1	0	1	0	0	0	1	0	0	1	0	0	0	0	1	0	0	0	0	1	0	0	0	0	0	0	0	0	0	0	0
1039426473	1	1	2	2	0	0	1	0	1	0	1	0	0	1	1	1	1	1	1	1	1	0	0	1	1	1	1	0	0	0	1	1	1	1	1	1	1	0	1	0	1	0	1	1	1	0	1	0	1	0
1039334555	1	1	2	2	0	0	1	0	0	0	1	0	0	1	0	1	1	1	0	0	0	0	0	1	0	0	0	0	1	0	0	0	1	0	0	0	0	1	0	0	0	1	0	1	0	0	0	0	0	1
1038183209	1	1	2	2	0	0	1	0	0	0	1	0	0	1	1	0	1	0	1	0	0	0	0	1	0	1	1	0	0	0	0	0	0	0	0	0	0	0	1	1	0	1	0	0	0	1	0	0	0	1
1038138132	1	1	2	2	0	0	0	0	0	0	0	0	1	1	1	1	1	1	1	1	0	1	0	1	0	1	1	0	0	1	1	0	1	0	0	1	1	0	1	1	0	1	0	1	0	0	1	0	1	1
1037294371	1	1	2	2	1	0	0	1	0	0	1	1	0	1	0	0	0	0	0	0	0	1	1	0	0	0	0	0	0	0	0	0	0	0	0	0	0	0	0	0	0	0	0	0	0	0	0	0	0	0
1036702917	1	1	2	2	0	0	1	0	0	0	0	1	0	1	1	0	1	0	0	0	0	0	0	0	0	0	0	0	0	0	0	1	0	1	0	0	0	0	0	0	0	0	0	0	0	0	1	0	1	1
1036359430	1	1	2	2	0	0	0	0	0	0	0	0	0	0	0	0	1	0	0	0	0	0	0	0	0	0	0	0	0	0	0	0	0	0	0	0	0	0	1	0	0	0	0	0	0	0	0	0	0	0
1035361404	1	1	2	2	0	0	1	0	0	0	0	0	0	0	0	1	0	0	0	0	0	0	0	0	0	0	0	0	0	0	0	1	0	0	0	0	0	0	0	1	0	0	0	0	0	0	0	0	0	0
1035124635	1	1	2	2	0	0	0	0	0	0	1	0	1	1	0	1	1	1	1	0	0	0	1	0	0	1	1	0	0	0	0	1	0	0	0	0	0	0	0	0	1	1	0	0	0	0	0	0	1	0
1034017456	1	1	2	2	0	0	0	0	0	0	1	0	0	1	0	0	1	0	0	0	0	0	0	0	0	0	0	0	0	0	0	1	0	0	0	0	0	0	1	0	0	0	0	0	1	0	0	0	0	0
1033834794	1	1	2	2	0	0	0	0	0	0	0	0	0	1	0	0	0	0	0	0	1	0	0	0	0	0	0	0	0	1	0	0	0	0	0	0	0	0	0	0	0	0	0	0	0	0	0	0	0	1
1095743419	1	1	2	2	1	0	0	1	1	0	0	1	1	1	0	0	1	1	0	1	0	1	0	0	0	1	1	0	1	0	1	1	0	1	0	0	0	1	0	0	0	1	0	0	0	0	0	0	0	0
1088877921	1	1	2	2	1	0	0	0	0	0	0	0	1	1	0	1	1	1	1	1	0	1	0	1	0	1	1	1	0	1	1	1	1	1	0	1	0	0	1	1	1	1	1	0	0	0	1	0	0	0
1086324143	1	1	2	2	0	0	0	0	0	0	1	1	1	0	0	0	1	0	0	0	0	0	0	1	0	1	1	0	0	0	0	0	1	0	0	0	0	0	0	0	1	0	0	0	0	1	0	0	0	0
1085280311	1	1	2	2	0	0	1	1	0	0	0	0	0	0	0	0	0	0	0	0	1	0	0	0	0	1	0	0	0	0	0	0	0	1	1	0	0	0	0	0	0	0	0	0	0	0	0	0	0	0
1085081158	1	1	2	2	0	0	1	0	0	0	0	0	0	0	0	0	0	0	0	0	0	0	0	0	0	1	0	0	0	0	0	0	0	0	0	0	0	0	0	1	0	0	0	0	0	0	0	0	0	0
1084231237	1	1	2	2	0	0	1	0	0	0	0	0	0	1	1	0	1	1	0	0	0	0	0	0	0	1	1	0	0	1	0	0	0	0	0	0	0	0	1	0	0	0	0	1	1	0	1	0	1	0
1084138654	1	1	2	2	0	0	1	0	0	0	0	0	0	0	0	0	0	0	0	0	0	0	0	0	0	0	0	0	0	0	0	0	0	0	0	0	0	0	0	0	0	0	0	0	0	0	0	0	0	0
1083175618	1	1	2	2	0	1	0	0	0	0	0	0	0	0	0	0	0	0	0	0	0	0	0	0	0	0	0	1	0	0	0	0	0	0	0	0	0	0	0	0	0	0	0	0	0	0	1	0	0	0
1083159721	1	1	2	2	1	0	0	0	0	0	1	0	1	1	1	1	1	1	1	0	1	1	1	1	0	1	1	0	0	1	0	0	1	1	0	1	0	1	1	1	1	0	0	0	0	0	1	0	1	0
1083159696	1	1	2	2	1	0	0	0	0	0	0	0	0	0	1	1	1	0	1	0	0	0	0	0	0	1	1	0	0	0	0	0	1	1	0	0	0	0	1	1	1	1	0	0	0	0	0	0	0	0
1083154004	1	1	2	2	0	0	0	0	0	0	0	0	0	0	0	0	1	0	1	0	0	0	0	1	0	1	0	0	0	0	0	0	0	1	0	0	0	0	0	1	0	0	0	0	0	0	0	0	0	0
1083132288	1	1	2	2	1	1	0	0	1	0	0	0	0	1	1	0	1	1	1	0	1	0	1	0	0	1	0	0	0	1	0	1	0	1	0	0	1	1	0	0	0	1	0	0	0	0	0	0	0	0
1083055820	1	1	2	2	0	0	0	1	0	0	1	0	0	0	0	0	0	0	0	0	0	1	0	0	0	0	0	0	0	0	0	0	0	0	0	0	0	0	1	0	0	0	0	0	0	0	0	0	0	0
1079050513	1	1	2	2	0	0	0	0	0	0	1	0	0	1	0	0	0	0	0	0	1	0	0	0	0	0	0	0	0	0	0	0	0	1	0	0	0	0	0	1	0	1	0	0	0	0	0	0	1	0
1077599983	1	1	2	2	0	0	0	0	0	0	0	1	0	1	0	0	1	1	1	1	0	0	0	0	0	1	0	0	0	0	0	0	0	1	0	1	0	1	1	1	0	1	0	1	0	0	0	0	0	1
1077430468	1	1	2	2	0	0	0	0	0	0	1	0	0	0	0	0	1	1	0	0	0	0	0	0	0	0	0	0	0	0	0	0	0	1	0	0	0	0	1	0	1	1	0	0	0	0	1	0	0	1
1077421396	1	1	2	2	0	0	0	0	0	1	1	0	0	0	0	1	1	1	1	0	0	0	0	1	0	1	1	1	0	0	0	0	0	1	0	0	0	1	1	0	0	0	0	1	1	0	1	0	0	0
1077403490	1	1	2	2	0	0	0	0	0	0	1	1	0	1	0	1	0	0	1	0	0	0	0	1	0	0	1	0	0	0	0	0	0	1	0	0	0	0	0	1	0	1	0	1	0	0	1	0	1	1
1077401647	1	1	2	2	0	1	0	0	0	0	0	0	0	0	0	0	1	0	0	0	0	0	0	0	0	0	0	0	0	0	0	0	0	1	0	0	0	0	0	0	0	1	0	0	0	0	0	0	0	0
1075986339	1	1	2	2	0	1	0	0	0	0	1	0	0	1	1	0	1	1	1	0	0	0	1	0	0	1	0	0	0	1	0	0	1	0	0	1	0	0	0	1	1	0	0	0	0	0	1	0	1	1
1075742652	1	1	2	2	0	0	0	0	0	0	1	0	0	0	0	0	0	0	0	0	0	0	0	0	0	0	0	0	0	0	0	0	0	0	0	0	0	0	0	0	0	0	0	0	0	0	0	0	0	0
1074905140	1	1	2	2	1	0	0	0	0	0	0	0	0	0	1	0	0	0	0	0	0	0	0	0	1	0	0	0	0	0	0	0	0	0	1	0	0	0	0	0	0	0	0	0	1	0	0	0	0	0
1074882472	1	1	2	2	1	0	1	0	0	0	1	0	1	1	1	0	1	1	1	1	0	1	0	1	0	1	0	1	0	0	0	1	0	0	1	1	0	0	1	1	1	0	0	1	1	1	1	0	1	0
1074856801	1	1	2	2	1	1	1	0	0	0	1	0	0	1	1	1	1	1	1	0	0	0	0	1	0	1	1	1	0	0	0	1	1	0	0	1	0	0	1	1	1	0	0	0	0	1	0	0	1	0
1074785788	1	1	2	2	1	0	0	0	0	0	0	1	0	0	1	0	0	0	0	0	0	0	0	1	0	0	0	1	0	0	0	0	0	0	0	0	0	0	1	0	0	0	0	0	0	1	0	0	0	0
1074722955	1	1	2	2	0	0	1	0	0	1	0	1	1	1	1	1	1	1	1	1	0	0	1	1	0	1	1	1	0	1	0	1	1	1	0	0	0	0	1	1	1	1	0	0	1	1	1	0	1	1
1074722569	1	1	2	2	0	0	0	0	0	0	0	0	0	1	1	0	1	1	1	0	0	0	0	0	0	1	0	0	0	0	0	0	0	0	0	0	0	0	0	1	0	0	0	0	0	0	0	0	1	0
1074717317	1	1	2	2	0	0	1	0	1	1	0	1	1	1	1	1	1	1	1	0	0	0	0	1	0	1	1	1	0	0	0	0	1	0	0	0	0	0	1	1	1	0	0	0	1	1	1	0	1	1
1074712387	1	1	2	2	0	0	1	0	0	0	0	0	0	0	0	0	1	1	0	0	0	0	0	0	0	0	0	0	0	0	0	0	0	0	0	0	0	0	0	0	0	0	0	0	0	0	0	0	1	1
1074711488	1	1	2	2	1	0	1	1	1	0	0	0	1	0	0	0	1	1	0	0	0	1	0	0	1	1	0	1	0	0	1	1	0	0	0	0	0	0	1	1	0	0	1	0	1	0	0	1	1	0
1072308674	1	1	2	2	0	0	0	1	0	0	0	0	0	0	0	0	0	0	0	0	0	0	0	0	0	0	0	0	0	0	0	0	0	0	0	0	0	0	0	0	0	0	0	0	0	0	0	1	0	0
1066287769	1	1	2	2	0	0	1	0	0	0	0	0	0	0	0	0	0	0	0	0	0	0	0	0	0	1	0	0	0	0	0	0	0	0	0	1	0	0	0	0	0	0	0	1	0	0	0	0	0	0
1084152029	1	1	2	2	0	1	0	0	1	0	0	0	0	0	0	0	0	0	0	1	0	0	1	0	0	0	0	0	0	0	0	0	0	0	0	0	1	1	1	0	0	0	0	0	0	0	0	0	0	0
1075891201	1	1	2	2	1	0	1	1	1	0	1	1	0	0	0	1	1	0	1	0	0	0	0	0	0	0	1	0	1	0	0	1	0	0	0	1	0	1	0	0	0	0	1	0	0	0	0	1	1	1
1075853458	1	1	2	2	0	0	0	1	1	0	1	1	0	0	0	0	1	0	0	0	0	0	0	1	0	0	0	0	0	0	0	0	0	0	0	0	0	0	1	0	0	0	0	0	0	0	0	1	0	0
1075841227	1	1	2	2	0	0	0	0	0	1	0	0	0	1	0	0	1	1	1	0	0	0	0	1	0	1	1	1	0	0	0	0	1	1	0	0	0	1	1	0	1	1	0	0	0	0	1	0	1	1
1078006098	1	1	2	2	1	1	1	1	1	1	1	0	1	1	1	1	1	1	1	1	0	1	1	1	1	1	1	1	0	1	1	1	1	1	1	0	0	1	1	1	1	1	1	0	1	0	1	0	1	1
1066410824	1	1	2	2	1	0	1	0	0	0	0	0	0	1	0	0	1	0	0	0	0	0	1	0	0	0	0	0	0	1	0	0	0	0	1	0	0	0	1	0	0	0	0	0	0	0	0	0	0	0
1061232093	1	1	2	2	0	0	0	0	0	0	1	0	0	0	0	0	1	0	0	0	0	1	1	0	0	0	0	0	0	1	0	0	0	0	0	0	0	0	0	0	0	0	0	1	0	0	0	0	0	0
1134183243	1	1	2	2	0	0	0	0	0	0	1	0	0	0	1	0	1	0	0	0	0	0	0	0	0	1	0	0	0	0	0	0	0	0	0	0	0	0	0	0	0	1	0	0	0	0	0	0	0	0
1090095788	1	1	2	2	0	0	0	0	0	0	0	0	0	1	1	0	0	1	1	0	1	0	1	0	0	1	0	0	0	0	0	1	1	0	0	0	0	0	0	1	0	1	0	0	0	0	0	0	1	1
1088123473	1	1	2	2	0	0	0	0	0	0	1	1	1	1	1	1	1	1	1	0	0	1	0	1	0	1	1	0	0	0	0	1	1	0	0	1	0	1	1	1	1	0	1	0	0	0	0	0	1	0
1088112640	1	1	2	2	1	0	1	0	0	0	1	1	1	1	1	1	0	1	0	0	0	0	1	1	0	1	1	0	0	1	0	1	1	0	0	0	0	0	1	1	0	1	0	0	0	0	0	1	0	0
1088093232	1	1	2	2	0	0	1	1	0	0	1	0	1	1	0	1	1	1	1	0	0	0	0	1	0	1	0	0	0	0	0	1	1	0	0	1	0	0	1	1	1	1	0	0	0	0	1	0	1	1
1088091371	1	1	2	2	0	1	0	0	0	0	1	0	0	1	0	0	1	0	0	0	0	0	1	1	0	1	1	1	0	1	0	0	1	1	0	1	0	1	0	1	1	1	0	0	0	0	1	0	0	1
1088081681	1	1	2	2	1	1	1	1	1	1	1	1	1	1	1	1	1	0	1	0	0	1	1	0	0	1	1	1	0	1	0	0	1	0	0	1	1	1	1	1	1	1	0	1	0	1	0	0	1	1
1088074522	1	1	2	2	1	1	1	0	1	1	1	0	1	1	1	1	1	1	1	1	0	0	1	0	0	1	1	1	0	0	0	1	1	0	0	1	0	0	1	1	1	1	0	0	0	0	1	0	1	1
1086379469	1	1	2	2	0	0	1	0	0	0	1	1	1	1	1	1	1	1	1	0	0	1	1	1	0	1	1	0	0	0	0	0	0	0	0	1	1	0	1	1	1	1	0	1	1	1	1	0	0	0
1086342976	1	1	2	2	0	1	1	0	1	1	1	1	1	1	1	1	1	1	1	1	0	1	1	1	0	1	1	1	1	1	1	1	1	1	0	1	1	0	1	1	1	1	0	1	1	1	1	0	1	1
1086335850	1	1	2	2	0	0	1	0	1	1	1	0	1	1	1	1	1	1	1	1	0	1	1	0	1	1	1	0	0	1	1	0	1	1	0	1	1	1	1	1	1	1	1	0	0	0	0	0	1	0
1086326550	1	1	2	2	0	0	1	0	0	0	1	1	1	1	1	1	1	1	1	1	0	1	1	1	0	1	1	0	0	0	0	1	1	0	0	1	0	0	0	1	1	1	0	1	0	0	1	0	1	1
1079076286	1	1	2	2	0	0	1	0	1	0	0	0	0	1	1	1	1	1	1	0	0	1	1	0	0	1	0	0	0	1	0	1	0	1	0	0	0	0	1	0	0	0	0	1	1	0	0	0	1	0
1076936507	1	1	2	2	0	0	0	0	0	0	0	0	0	1	1	0	1	0	0	0	1	1	0	0	0	0	0	1	0	1	0	0	0	0	1	0	0	0	0	0	0	0	0	0	0	0	0	0	0	1
1075584765	1	1	2	2	0	0	0	0	0	0	0	0	0	0	0	0	1	0	0	0	0	0	0	0	1	0	0	0	0	0	0	0	0	0	0	0	0	0	0	0	0	0	1	0	0	0	0	0	1	0
1062872578	1	1	2	2	0	1	0	0	0	1	1	0	0	0	0	0	1	1	1	1	0	0	0	0	0	1	1	0	0	0	0	0	1	0	0	1	0	0	0	0	1	0	0	0	0	0	1	0	1	1
1051293466	1	1	2	2	0	0	0	1	0	0	1	0	0	1	0	0	1	0	0	0	0	1	0	0	0	0	0	0	0	0	0	0	0	0	0	0	0	0	0	0	0	1	0	0	0	0	0	1	1	0
1048885575	1	1	2	2	0	0	1	1	1	0	0	0	1	1	0	1	1	1	1	1	0	1	0	1	0	0	1	0	0	0	0	1	1	1	0	1	0	0	1	1	1	0	0	1	1	0	1	0	1	1
1048643575	1	1	2	2	0	0	0	1	0	0	0	0	1	1	1	1	1	1	1	0	0	1	0	1	0	0	0	0	0	1	0	1	0	0	0	0	0	1	0	0	1	1	0	0	0	0	0	0	1	1
1046038327	1	1	2	2	0	1	1	0	1	0	0	0	1	1	1	0	1	0	1	1	0	0	0	0	1	1	0	1	0	1	0	1	0	0	0	0	0	1	1	0	0	0	1	1	1	1	1	0	0	0
1045099574	1	1	2	2	1	1	1	1	0	1	0	0	1	1	1	0	1	1	1	1	1	1	0	0	0	1	0	0	0	1	0	0	0	0	0	0	1	0	1	0	0	0	0	1	1	0	0	1	1	0
1041918113	1	1	2	2	0	0	0	0	0	0	1	1	0	1	1	1	1	1	0	0	1	1	0	1	0	1	0	0	0	0	1	0	1	1	0	0	0	1	1	1	0	0	0	0	1	0	0	0	0	0
1041857198	1	1	2	2	1	1	0	1	0	0	1	1	1	1	1	1	1	1	0	1	0	1	1	0	0	0	0	0	0	0	0	1	1	0	0	0	0	0	1	0	0	0	0	1	1	0	0	1	0	0
1041806263	1	1	2	2	1	0	1	0	0	0	0	1	0	0	1	0	1	0	0	0	1	0	1	0	0	0	0	1	0	0	0	0	0	0	0	1	0	0	1	0	1	0	0	0	0	1	1	0	0	0
1034298138	1	1	2	2	0	0	1	0	0	0	1	0	0	1	0	1	1	0	1	0	0	0	0	0	0	0	0	0	0	1	0	0	0	0	0	0	0	0	0	1	0	0	0	0	0	0	0	0	1	1
1072507189	1	1	2	2	0	0	0	0	1	0	0	0	0	1	0	0	1	1	0	0	0	1	1	0	0	0	0	0	0	1	0	0	0	1	0	0	0	1	0	0	0	0	0	0	0	0	0	0	0	1
1066755418	1	1	2	2	0	1	0	0	0	0	0	1	0	0	0	1	0	1	0	0	0	1	0	1	1	0	0	0	0	0	0	0	1	0	0	0	0	0	0	0	0	0	0	0	0	0	0	0	0	0
1064586644	1	1	2	2	0	0	0	1	0	0	1	0	0	0	0	0	0	0	0	0	0	0	0	0	0	0	0	0	0	0	0	0	0	0	0	0	0	0	0	0	0	0	0	0	0	0	0	1	0	0
1064501934	1	1	2	2	0	0	1	0	0	0	1	1	0	1	1	1	1	1	1	1	0	1	1	0	0	1	1	0	0	1	0	1	1	1	0	1	1	1	1	1	0	1	0	0	1	1	1	0	1	1
1075786117	1	1	2	2	0	0	0	0	0	0	1	0	0	0	0	0	0	0	0	0	1	0	0	0	0	0	0	0	0	0	0	1	0	0	1	0	0	0	0	0	0	0	0	0	0	0	0	0	1	0
1075336683	1	1	2	2	0	0	0	0	0	0	0	0	1	1	0	1	1	1	1	0	0	0	0	1	0	1	0	0	0	0	0	1	1	1	0	0	0	0	0	0	0	0	0	0	0	0	0	0	0	1
1154798845	1	1	3	3	0	0	1	1	1	1	1	1	1	1	1	1	1	1	1	1	0	1	1	1	1	1	1	1	0	1	0	1	1	0	0	0	1	0	1	1	1	1	1	0	0	0	1	1	1	1
1144143997	1	1	3	3	0	0	0	0	1	0	1	1	0	1	0	0	0	0	1	1	0	1	0	0	1	1	0	0	1	0	0	0	0	0	0	0	0	0	1	0	0	0	1	0	0	0	0	0	0	1
1144128021	1	1	3	3	0	0	0	0	0	0	1	1	0	0	0	0	1	0	0	0	0	0	0	0	0	0	0	0	0	0	0	0	0	0	0	0	0	0	0	0	0	1	0	0	0	0	0	0	0	1
1144056884	1	1	3	3	0	0	1	0	0	1	1	1	1	1	1	1	1	1	1	1	0	1	1	1	0	1	1	1	0	0	0	0	1	0	0	0	0	0	0	0	0	1	0	1	1	1	0	1	1	1
1137357567	1	1	3	3	0	0	0	0	0	0	0	0	0	0	0	0	1	0	0	0	0	0	0	0	0	0	0	0	0	0	0	0	0	0	0	0	0	0	0	0	0	0	0	0	0	0	0	0	0	0
1108865795	1	1	3	3	0	0	0	0	0	0	0	0	0	0	0	0	1	0	0	0	0	0	0	0	0	0	0	0	0	0	0	0	0	0	0	0	0	0	0	0	0	0	0	0	0	0	0	0	0	0
1103409479	1	1	3	3	0	1	1	1	1	1	1	1	0	0	0	1	1	1	1	1	0	0	0	1	0	1	1	1	0	0	0	0	1	0	0	1	0	0	0	1	1	1	0	0	0	0	1	1	1	1
1099735962	1	1	3	3	0	0	0	1	0	0	0	1	0	1	0	0	1	0	0	0	0	0	0	0	0	0	0	0	0	0	0	0	0	0	0	0	0	0	1	0	0	0	0	0	0	0	0	0	0	0
1091639068	1	1	3	3	0	0	0	0	0	0	1	0	0	1	0	0	1	0	1	0	0	0	0	0	0	0	1	0	0	0	0	0	0	0	0	0	0	0	0	0	0	0	0	0	0	1	0	0	0	0
1090077084	1	1	3	3	0	0	0	1	0	0	1	1	1	1	1	0	1	0	1	0	0	0	0	1	0	0	0	0	0	0	0	0	0	0	0	0	0	0	0	0	0	0	0	0	0	0	0	0	0	0
1090012753	1	1	3	3	0	0	1	1	1	1	1	0	1	1	1	1	1	1	1	1	1	1	1	1	0	1	1	1	0	0	0	1	1	0	0	0	0	1	1	1	1	1	1	0	0	0	1	1	1	1
1088796884	1	1	3	3	0	0	1	0	0	0	0	0	1	1	0	0	1	0	1	1	0	0	1	0	0	1	0	0	0	0	0	0	0	0	0	0	0	0	0	1	1	0	0	0	1	0	1	0	0	1
1088144770	1	1	3	3	0	0	0	0	0	0	1	0	0	0	0	0	1	0	1	0	1	0	0	0	0	0	0	0	0	0	0	0	0	0	0	0	0	0	0	0	0	0	0	1	1	1	1	0	0	0
1087573960	1	1	3	3	0	1	1	0	0	0	0	1	0	1	0	0	1	0	0	0	0	1	1	0	0	1	0	0	0	1	0	0	0	0	0	0	1	0	1	0	0	0	0	0	0	0	0	0	0	0
1083603088	1	1	3	3	0	0	0	1	0	0	0	1	0	1	0	0	0	0	0	0	0	0	0	0	0	0	1	0	0	0	0	1	0	0	0	0	0	0	0	0	1	1	0	0	0	0	0	0	0	0
1083383641	1	1	3	3	0	1	1	1	0	1	1	0	1	1	1	1	1	1	1	1	0	0	1	1	0	1	1	1	0	1	1	1	1	0	0	1	0	1	0	1	1	1	0	0	1	0	1	1	1	1
1083360489	1	1	3	3	0	0	0	0	0	0	0	0	0	0	0	0	0	0	0	0	0	0	0	0	0	0	0	0	0	0	0	0	0	0	0	0	0	0	0	0	0	0	0	0	0	0	0	0	0	0
1083347953	1	1	3	3	0	1	0	1	1	1	1	1	1	1	1	1	1	0	1	0	0	0	0	1	1	1	1	1	1	1	0	1	1	0	0	1	0	0	0	1	1	1	1	0	0	0	1	1	1	1
1083342372	1	1	3	3	0	1	1	1	1	1	1	1	1	1	0	1	1	0	0	1	0	1	0	0	1	1	1	1	1	1	1	1	0	0	0	0	1	0	1	1	1	0	1	1	1	1	0	1	0	1
1083337725	1	1	3	3	0	0	1	1	0	0	1	0	0	1	1	1	1	1	1	0	0	1	0	0	0	1	1	0	0	0	0	1	0	0	0	1	0	0	1	1	1	1	0	0	0	1	1	1	1	0
1083332950	1	1	3	3	0	0	0	1	0	0	1	1	1	1	1	1	1	1	1	1	0	0	1	1	0	1	1	1	0	1	0	1	1	1	0	1	0	0	1	1	1	1	0	0	0	0	1	1	1	1
1083288989	1	1	3	3	0	0	0	0	1	0	1	1	0	1	1	0	1	1	1	1	0	1	1	1	0	1	1	0	0	0	0	1	1	0	0	0	1	1	1	1	0	1	0	0	0	0	0	1	1	1
1083267852	1	1	3	3	0	0	1	1	0	1	1	1	1	1	1	1	1	1	1	1	0	1	0	1	0	1	1	0	0	1	0	1	1	1	0	1	1	1	1	1	1	0	0	1	1	0	1	1	1	1
1083246874	1	1	3	3	0	1	1	1	1	1	1	1	0	0	0	1	1	1	1	1	0	0	0	1	0	1	1	1	0	0	0	0	1	0	0	1	0	0	0	1	1	1	0	0	0	0	1	1	1	1
1083233424	1	1	3	3	0	1	1	1	1	1	1	1	0	0	1	1	1	1	1	1	0	0	0	1	1	0	0	1	1	0	0	0	0	0	0	1	0	0	0	1	1	1	0	0	1	0	1	1	1	1
1082668982	1	1	3	3	0	0	0	0	1	0	1	1	1	1	1	1	1	1	1	1	0	0	1	1	0	1	1	0	0	1	0	1	1	0	0	1	1	0	1	1	1	1	0	1	0	0	1	0	1	1
1078160552	1	1	3	3	1	1	1	1	1	1	1	1	1	1	1	1	1	1	1	1	0	1	1	1	0	1	1	1	1	1	1	1	1	1	1	1	1	1	1	1	1	1	0	1	1	1	1	1	1	1
1078093717	1	1	3	3	0	0	0	1	0	0	1	1	0	0	0	0	0	0	0	0	0	0	0	0	0	0	0	0	1	1	0	0	0	0	0	0	0	0	0	0	0	1	0	0	0	0	0	1	0	0
1077174170	1	1	3	3	0	0	0	1	0	0	0	1	0	0	0	0	0	1	1	0	0	1	0	0	0	0	1	0	0	0	0	0	0	0	0	1	0	0	0	0	0	0	0	0	0	0	0	1	1	0
1074254674	1	1	3	3	0	0	1	0	0	0	1	0	0	0	0	0	1	0	0	0	0	0	1	0	1	1	0	0	0	1	0	0	0	0	0	0	0	0	0	0	0	0	1	0	0	0	0	0	0	0
1061326708	1	1	3	3	0	0	0	1	0	0	0	1	0	0	0	0	0	0	0	0	1	0	0	0	0	0	0	0	0	0	0	1	0	0	1	0	0	0	0	0	0	0	0	0	0	0	0	0	0	0
1060798111	1	1	3	3	0	0	1	1	0	0	1	0	0	1	0	0	1	0	1	0	0	1	1	0	0	1	0	0	0	0	1	0	0	1	1	0	0	1	1	1	0	0	0	0	1	0	0	0	0	0
1055698374	1	1	3	3	0	0	0	1	1	1	0	1	0	0	0	0	1	0	1	0	0	1	1	0	1	0	0	1	0	1	1	1	0	0	1	0	1	0	1	0	0	1	0	0	0	0	0	0	0	1
1053962019	1	1	3	3	0	0	0	1	1	0	0	0	0	1	0	0	0	0	1	0	0	0	0	0	0	0	0	0	0	0	0	0	0	0	1	0	0	1	0	0	0	0	0	0	0	0	0	0	0	0
1051657007	1	1	3	3	0	0	1	1	0	0	1	0	0	1	1	1	1	1	1	1	0	0	1	0	0	1	0	0	0	0	0	1	0	0	0	0	0	0	1	1	0	0	0	0	1	1	0	1	0	0
1050290132	1	1	3	3	0	1	0	1	0	0	0	1	0	0	0	0	1	1	0	0	0	0	0	0	1	0	0	0	0	0	0	1	0	0	0	0	0	0	0	1	1	0	1	0	1	0	0	0	0	0
1046795047	1	1	3	3	1	0	0	1	0	0	0	0	0	1	0	0	0	0	1	0	0	0	1	0	0	0	0	0	0	0	0	0	0	1	1	0	0	0	0	0	0	0	0	0	0	0	0	0	0	0
1046168264	1	1	3	3	0	0	1	1	0	0	0	0	1	1	0	1	1	0	1	0	0	0	0	1	0	1	1	0	0	0	0	0	1	0	0	0	0	0	0	1	0	0	0	1	1	0	1	0	0	0
1046078883	1	1	3	3	0	0	0	1	0	0	0	0	1	1	0	0	1	0	1	0	0	0	1	0	0	0	0	0	0	1	0	0	1	0	1	0	0	0	1	0	0	0	0	0	0	0	0	1	0	1
1045059247	1	1	3	3	0	0	0	1	0	0	1	0	0	0	1	0	1	0	0	0	0	0	0	0	0	0	1	0	0	0	0	0	0	0	1	0	0	0	0	0	0	0	0	0	0	1	0	0	0	0
1045003686	1	1	3	3	0	0	0	0	0	0	0	0	0	0	0	0	1	0	0	0	0	0	0	0	0	0	0	0	0	1	0	0	0	0	1	0	0	0	0	0	0	0	0	0	0	0	0	0	0	0
1041899344	1	1	3	3	0	0	0	0	0	0	0	0	1	1	0	0	1	1	1	0	0	1	0	0	0	0	0	0	0	0	0	0	0	0	0	1	0	0	1	0	0	0	0	1	0	0	0	0	0	0
1039616788	1	1	3	3	1	0	1	1	0	0	1	0	1	1	0	1	1	0	1	1	0	1	1	0	0	1	1	0	0	0	0	1	0	0	1	1	0	0	1	1	0	0	0	0	0	0	0	1	1	1
1038360153	1	1	3	3	0	0	1	0	0	0	1	0	0	1	0	0	1	1	1	0	0	0	0	0	0	0	1	0	0	0	0	0	0	0	0	0	0	0	0	1	0	0	0	1	0	1	0	0	1	0
1036062802	1	1	3	3	0	0	0	0	0	0	0	1	1	0	0	0	1	0	1	0	0	0	0	0	0	0	0	0	0	0	0	0	0	0	0	0	0	0	0	0	0	0	0	0	0	0	0	0	0	0
1035323780	1	1	3	3	0	0	0	0	0	0	0	0	0	0	0	0	0	0	0	0	0	0	0	0	0	0	0	0	0	0	0	0	0	0	0	0	0	1	0	0	0	0	0	0	0	0	0	0	0	0
1034931268	1	1	3	3	0	0	0	0	0	0	1	0	0	0	1	1	1	1	0	0	0	0	0	0	0	0	0	0	0	1	0	0	1	0	0	1	0	0	1	0	0	0	0	0	1	0	0	0	0	0
1083176375	1	1	3	3	0	0	1	0	0	0	0	0	0	1	1	0	0	0	1	0	0	0	0	0	0	1	0	1	0	0	0	0	0	0	0	0	0	0	0	1	0	0	0	0	1	0	0	0	0	0
1083147560	1	1	3	3	0	0	0	0	0	0	0	0	0	0	0	0	1	0	0	0	0	0	0	0	0	0	0	0	0	0	0	0	0	0	0	0	0	0	0	0	0	0	0	0	0	0	1	0	0	0
1083144607	1	1	3	3	1	1	1	0	0	0	1	0	1	1	0	1	1	0	0	0	0	0	0	1	0	1	1	0	0	0	0	0	1	0	0	0	0	0	1	0	0	0	0	1	0	0	0	0	0	0
1083143361	1	1	3	3	0	1	0	0	0	0	1	1	1	0	1	1	0	1	0	1	0	0	0	1	0	1	0	0	0	0	0	0	1	0	0	0	0	0	0	1	1	1	0	0	0	0	1	0	0	1
1081239319	1	1	3	3	0	0	0	0	0	0	1	0	0	1	0	0	1	0	1	0	0	0	1	0	0	0	0	0	0	1	0	0	0	1	0	0	0	1	0	0	0	1	0	1	0	0	0	0	0	0
1078054330	1	1	3	3	1	0	0	0	0	0	0	0	0	0	0	0	0	1	0	0	0	0	0	0	0	0	0	0	0	0	0	0	1	0	0	0	0	0	0	1	0	0	0	0	0	0	0	0	1	0
1078051913	1	1	3	3	0	0	1	0	0	0	0	0	0	1	0	0	1	0	0	0	0	0	0	0	0	1	0	0	0	0	0	0	0	0	0	0	0	0	1	0	0	0	0	0	0	0	0	0	0	0
1077388855	1	1	3	3	1	0	0	0	0	0	0	0	0	0	0	0	0	0	0	0	0	0	1	0	0	0	0	0	0	0	0	0	0	0	0	0	0	0	0	0	0	0	0	0	0	0	0	0	0	0
1075835852	1	1	3	3	0	0	0	1	0	0	1	0	0	1	1	1	1	1	1	0	0	0	0	0	0	1	0	0	0	1	0	0	1	0	0	1	0	0	0	1	0	0	0	0	0	0	0	0	1	0
1074819534	1	1	3	3	0	1	1	0	0	1	0	0	0	0	0	0	1	1	1	0	0	0	0	0	0	0	1	1	0	1	0	1	1	0	0	0	0	0	1	1	1	1	0	0	1	0	1	0	1	1
1074778009	1	1	3	3	1	1	1	0	0	1	0	0	0	0	0	0	1	0	1	0	0	0	0	1	0	0	1	0	0	0	0	0	0	0	0	0	0	0	0	0	1	1	0	0	0	0	1	0	0	1
1074766955	1	1	3	3	1	1	1	0	1	0	0	0	0	1	1	0	1	1	1	0	0	0	0	1	0	0	0	1	0	0	0	0	0	0	0	0	0	0	0	0	0	1	0	0	1	1	0	0	0	0
1074766782	1	1	3	3	1	0	0	0	0	0	0	0	0	0	0	0	1	0	0	0	0	0	0	0	0	0	0	0	0	0	0	0	0	0	1	0	0	0	0	0	0	0	0	0	0	0	0	0	0	0
1074748379	1	1	3	3	0	0	0	0	0	0	0	0	0	0	1	0	0	0	0	0	0	0	0	0	0	0	0	0	0	0	0	1	0	0	0	0	0	0	0	1	0	0	0	0	0	0	0	0	1	0
1074742665	1	1	3	3	0	0	0	0	0	0	1	0	0	0	0	0	0	0	0	0	0	0	0	0	0	0	0	0	0	0	0	0	0	0	0	0	0	0	0	0	0	1	0	0	0	0	0	0	0	0
1074721689	1	1	3	3	0	0	1	0	0	0	1	0	1	1	1	1	0	0	0	0	1	0	0	0	0	1	0	0	0	0	0	0	1	0	0	1	0	0	0	1	0	1	0	0	0	0	1	0	1	0
1074718085	1	1	3	3	1	0	0	1	0	0	0	0	1	0	1	0	1	0	0	1	0	1	0	0	0	0	0	0	0	0	0	1	0	1	0	0	0	0	1	1	0	0	0	0	0	0	0	1	1	1
1074715319	1	1	3	3	0	1	0	0	0	1	0	0	0	0	1	0	1	1	0	0	0	0	0	0	0	1	0	0	0	0	0	0	0	1	0	0	0	1	0	1	0	0	0	0	1	0	0	0	0	0
1078220038	1	1	3	3	0	0	0	1	1	0	0	0	0	0	0	0	0	0	0	0	0	1	0	0	0	0	0	0	0	0	0	1	0	0	0	0	0	1	0	0	0	0	0	1	1	0	0	0	0	0
1069603273	1	1	3	3	1	1	0	0	0	0	1	0	0	0	1	1	1	1	1	0	0	0	0	1	0	1	1	0	0	0	0	0	0	0	0	0	0	1	0	0	1	1	0	0	0	0	1	0	0	0
1069567657	1	1	3	3	0	0	0	1	1	0	1	0	0	1	1	0	1	1	1	1	0	0	0	0	0	1	1	0	0	0	0	0	0	0	0	1	0	0	1	1	0	0	0	0	0	0	0	1	0	1
1066252240	1	1	3	3	1	0	0	0	0	0	0	0	0	1	0	0	0	0	0	0	0	0	1	0	0	0	0	0	0	0	0	0	0	0	0	0	0	0	0	0	0	0	0	0	0	0	0	0	0	0
1066233310	1	1	3	3	0	0	0	1	0	0	0	1	0	1	0	1	1	1	1	0	0	0	0	0	1	1	0	0	0	0	0	0	0	0	0	0	0	1	1	0	0	0	0	0	1	0	0	1	0	0
1120185570	1	1	3	3	0	0	1	0	0	0	0	0	0	0	0	0	0	1	0	0	0	0	0	0	0	0	0	0	0	0	0	0	1	0	0	0	0	0	0	0	0	0	0	0	0	0	0	0	0	1
1089875296	1	1	3	3	0	0	0	1	0	1	0	1	0	0	0	1	1	1	0	0	0	0	0	0	0	0	0	1	0	0	0	0	0	0	0	0	0	0	0	0	0	0	0	0	1	0	0	0	0	0
1089082692	1	1	3	3	0	0	0	1	0	0	0	1	0	0	0	0	0	0	0	1	0	0	0	0	0	0	0	0	0	0	0	1	0	0	0	0	0	0	0	0	0	1	0	0	0	0	0	1	0	0
1084234620	1	1	3	3	0	0	0	0	0	0	1	0	0	0	0	0	1	0	0	0	0	0	0	0	0	0	1	0	0	0	0	0	0	0	0	0	0	1	0	0	0	0	0	0	0	0	0	0	0	0
1084148027	1	1	3	3	0	0	1	1	1	0	1	1	0	0	0	0	0	0	1	0	0	0	0	0	0	0	0	0	0	0	0	0	1	0	0	0	0	0	1	0	0	0	0	0	0	0	0	1	0	0
1078816999	1	1	3	3	0	1	1	1	0	0	1	1	0	1	0	1	1	0	1	1	0	0	1	0	0	1	1	0	0	0	0	1	0	0	0	1	0	0	1	1	0	1	0	0	0	1	1	1	1	1
1076360817	1	1	3	3	0	0	1	0	0	0	1	0	0	0	1	0	1	0	0	1	0	0	0	0	0	1	1	0	0	0	0	0	0	0	0	0	0	0	0	0	0	1	0	0	0	0	0	0	0	0
1075868160	1	1	3	3	1	0	1	1	1	1	1	1	1	1	1	1	1	1	1	1	0	1	1	0	0	1	1	1	1	0	0	0	0	0	0	0	0	0	0	1	1	0	0	1	0	0	1	1	1	1
1075856362	1	1	3	3	0	0	1	0	0	0	1	0	0	1	1	1	1	0	0	0	0	0	0	0	0	1	0	0	0	0	0	0	0	0	0	0	0	0	0	0	0	0	0	0	0	0	0	0	0	0
1075854135	1	1	3	3	0	0	0	0	0	0	1	1	0	0	0	0	1	0	0	0	0	0	0	0	0	0	0	0	0	0	0	0	0	0	0	0	0	0	0	0	0	0	0	0	1	0	0	0	0	0
1072323291	1	1	3	3	0	1	0	0	0	0	0	0	0	0	0	0	0	0	0	0	0	0	1	1	0	0	0	0	0	1	1	0	1	0	0	0	1	0	0	0	0	0	0	1	1	1	0	0	0	0
1064492104	1	1	3	3	0	1	0	0	1	1	0	1	0	0	0	0	0	0	0	1	0	0	0	0	1	0	0	0	1	0	0	0	0	0	0	0	0	0	0	0	0	0	0	0	0	0	0	0	0	0
1061885688	1	1	3	3	0	1	0	0	1	0	0	1	1	0	0	0	1	0	0	1	0	1	0	0	1	0	0	0	1	0	0	0	0	0	0	0	0	1	1	0	0	0	1	0	1	0	0	0	0	0
1061238509	1	1	3	3	0	1	1	0	1	1	1	0	1	1	1	0	1	1	1	1	0	0	0	1	1	1	1	1	1	1	1	1	1	1	1	1	1	0	1	1	1	1	1	1	1	1	1	0	1	1
1144202973	1	1	3	3	0	0	0	0	0	0	1	0	0	0	0	0	1	1	0	0	0	0	0	0	0	0	0	0	0	0	0	0	1	0	0	0	0	0	0	0	0	0	0	0	0	0	0	0	1	0
1142874390	1	1	3	3	1	0	0	0	0	0	1	0	0	1	0	1	1	1	0	0	0	0	1	0	0	0	1	0	0	1	0	0	0	0	0	0	0	0	0	0	0	0	0	0	0	0	0	0	0	0
1100641045	1	1	3	3	0	0	0	0	0	1	0	0	0	0	1	0	1	0	0	1	0	0	1	0	0	0	0	1	0	0	0	0	0	0	0	0	0	0	0	0	0	0	0	0	0	0	0	0	1	1
1099734748	1	1	3	3	0	0	0	1	1	0	0	0	0	0	1	0	1	1	0	0	0	1	0	0	0	1	0	0	0	0	0	1	0	0	0	1	0	0	1	0	0	0	0	0	0	0	0	1	1	1
1091229028	1	1	3	3	0	0	0	0	1	1	1	1	1	1	0	1	1	1	1	1	0	0	1	1	0	1	1	1	0	1	0	1	1	0	0	1	1	0	1	1	1	1	1	1	0	0	1	0	1	1
1090085529	1	1	3	3	0	0	1	0	0	1	1	1	1	1	1	1	1	1	1	1	0	0	0	1	0	1	1	1	0	0	0	1	1	0	0	0	0	0	0	1	1	1	0	1	0	0	1	0	1	1
1088127343	1	1	3	3	0	0	1	1	0	0	1	1	1	0	0	1	1	1	1	1	0	0	0	1	0	1	1	1	0	0	0	1	1	1	0	0	0	0	0	1	1	1	0	0	1	0	0	0	1	1
1088080001	1	1	3	3	0	0	1	1	1	1	1	1	1	1	1	1	1	1	1	1	0	1	1	1	0	1	1	1	0	1	0	1	1	1	0	1	0	0	1	1	1	1	0	1	1	1	1	1	1	1
1086338745	1	1	3	3	0	1	1	1	1	1	1	1	1	1	1	1	1	1	1	1	0	1	1	1	0	1	1	1	0	1	0	1	1	1	0	1	0	0	1	1	1	1	0	0	1	1	1	0	1	1
1086332492	1	1	3	3	0	1	1	0	1	1	1	0	1	0	0	1	1	1	1	1	0	1	1	1	1	1	0	1	1	1	0	1	1	1	0	1	0	1	1	1	1	1	1	0	1	1	1	0	1	1
1075553058	1	1	3	3	0	0	0	0	0	0	1	0	0	0	0	0	1	0	0	0	0	0	0	0	0	0	0	0	0	0	0	0	0	0	0	0	0	0	0	1	0	0	0	0	0	0	0	0	0	0
1049057247	1	1	3	3	0	1	1	0	1	0	1	0	0	0	1	1	1	1	1	1	0	0	1	0	0	1	1	0	0	1	0	0	0	0	0	0	0	0	1	0	0	0	0	1	1	1	1	0	0	1
1044893865	1	1	3	3	0	0	0	0	0	0	1	1	1	0	0	0	1	1	0	0	0	1	0	0	0	0	0	0	0	0	0	0	0	0	0	1	0	0	0	1	0	0	0	0	0	0	0	0	1	0
1044006039	1	1	3	3	1	0	0	0	1	0	0	0	0	1	0	0	1	1	0	1	0	1	0	0	0	1	0	0	0	0	0	1	0	0	0	0	0	1	0	0	0	0	0	1	1	0	0	0	0	0
1041895284	1	1	3	3	1	0	0	0	0	1	0	0	0	1	1	0	1	1	1	1	0	0	1	1	0	0	0	0	0	1	1	1	1	0	1	0	1	0	0	1	0	0	0	0	0	0	1	0	0	1
1039434563	1	1	3	3	1	0	1	1	0	0	1	0	0	1	0	0	1	0	1	0	0	1	0	0	0	0	0	0	0	0	0	0	0	1	0	0	0	0	1	0	0	1	0	0	0	0	0	0	1	1
1078247399	1	1	3	3	0	0	0	1	0	0	1	0	0	0	0	0	1	0	0	0	0	0	0	0	0	0	0	0	0	0	0	0	0	0	0	0	0	1	0	0	0	0	1	0	0	0	0	0	0	0
1078187816	1	1	3	3	0	0	1	1	1	0	1	0	1	0	0	0	1	0	1	0	0	1	0	0	0	0	0	0	0	1	0	0	0	1	0	0	0	0	1	0	0	0	0	0	0	0	0	1	0	1
1073444521	1	1	3	3	0	0	0	0	0	0	0	0	0	0	0	0	0	0	0	0	0	0	0	0	0	0	0	0	0	0	0	0	0	0	0	0	0	1	1	0	0	0	0	0	0	0	0	0	0	0
1072393141	1	1	3	3	0	0	0	0	0	0	1	0	0	1	0	0	1	0	1	1	0	0	0	0	0	0	0	0	0	0	0	0	1	0	0	0	0	1	1	0	0	0	0	0	0	0	0	0	0	0
1066184214	1	1	3	3	0	0	1	1	0	0	0	1	0	1	0	0	1	1	0	0	0	0	0	0	0	1	0	0	0	0	0	0	0	0	0	0	0	1	0	0	0	0	0	0	0	0	0	0	1	0
1064648818	1	1	3	3	1	0	0	1	0	0	1	1	0	0	0	1	0	0	0	0	0	0	0	0	0	0	0	0	0	0	0	1	0	0	0	0	0	0	0	0	0	0	0	0	0	0	1	1	0	0
1064489417	1	1	3	3	0	0	0	1	0	0	0	1	0	1	0	1	1	0	1	0	0	0	0	0	0	1	0	0	0	0	0	1	1	0	0	0	0	0	0	1	0	0	0	1	0	0	0	0	0	1
1064428203	1	1	3	3	1	0	0	0	0	0	1	0	1	1	1	1	1	1	1	0	0	1	1	1	0	1	1	1	0	0	0	0	1	0	0	1	0	1	1	1	1	0	0	0	0	0	0	0	0	0
1144161628	1	1	3	3	0	1	1	1	1	0	1	1	1	1	1	1	1	1	1	1	0	1	1	1	0	1	1	1	0	1	1	1	1	1	0	1	1	1	1	1	1	1	0	1	1	0	1	1	1	1
1144155583	1	1	3	3	1	0	0	1	1	0	1	1	1	1	1	1	1	1	0	0	0	0	1	1	1	1	1	0	1	0	0	1	0	0	0	0	0	0	1	0	1	0	1	0	0	0	0	1	1	1
1144119794	1	1	3	3	1	0	0	1	0	1	1	1	1	1	1	1	1	1	1	1	0	1	1	1	1	1	1	0	1	0	0	1	0	0	0	0	0	0	1	1	1	1	1	0	0	0	1	0	0	1
1144099884	1	1	3	3	0	0	0	1	0	0	1	0	1	1	1	1	1	1	1	0	0	0	0	1	0	1	0	0	0	0	0	0	1	1	0	0	0	0	0	1	1	1	0	0	0	0	0	1	1	1
1104240603	1	1	3	3	0	0	0	0	0	0	0	1	0	0	1	0	0	0	1	0	0	0	0	0	0	0	0	0	0	0	0	0	0	0	0	0	0	0	0	0	0	0	0	1	0	0	0	0	1	0
1103477065	1	1	3	3	0	0	1	1	0	0	1	0	0	1	1	1	1	1	1	0	0	1	0	0	0	1	1	0	0	0	0	1	0	0	0	1	0	0	1	1	1	1	0	0	0	1	1	1	1	0
1144109559	1	2	1	4	0	1	1	0	1	1	1	1	1	1	1	0	1	1	1	1	0	1	1	1	0	1	1	1	1	1	1	1	1	1	0	0	1	1	1	1	1	1	0	1	1	1	1	0	1	1
1131849732	1	2	1	4	0	0	0	1	0	0	0	0	0	1	0	0	1	0	0	0	0	0	0	0	0	0	0	0	0	0	0	1	0	0	0	0	0	0	1	0	0	0	0	0	0	0	0	1	0	0
1103443000	1	2	1	4	0	0	1	0	1	1	1	1	1	1	1	1	1	1	1	1	0	1	1	1	0	1	1	0	0	1	0	1	1	1	0	1	1	0	1	1	1	1	0	0	0	0	1	1	1	1
1091923620	1	2	1	4	1	0	1	0	1	1	0	1	0	1	1	0	1	0	1	1	0	0	1	0	1	1	1	1	1	1	1	1	1	0	0	0	0	0	1	1	1	0	0	0	1	1	1	0	0	1
1090216423	1	2	1	4	0	0	1	0	0	0	1	0	0	1	1	0	1	0	1	0	1	0	1	1	0	1	0	0	0	0	0	1	1	1	0	0	0	0	1	1	0	1	0	0	1	0	0	0	1	1
1083306796	1	2	1	4	0	1	1	0	1	0	1	0	1	1	1	0	1	0	1	0	0	1	0	1	0	1	1	1	0	1	0	0	1	0	0	1	0	0	1	1	1	1	0	0	0	0	1	0	1	0
1082688790	1	2	1	4	0	0	1	0	0	0	1	1	1	1	1	1	1	1	1	1	0	0	1	1	1	1	1	0	0	1	0	0	1	1	0	0	0	0	1	1	1	1	1	0	0	0	1	0	1	1
1082679693	1	2	1	4	0	1	0	0	0	0	0	1	1	1	0	0	1	1	1	0	1	0	0	1	0	0	1	0	0	1	0	0	0	1	0	0	0	0	0	0	0	1	0	0	0	1	0	0	1	1
1082652451	1	2	1	4	1	1	0	1	1	0	1	1	0	1	0	1	1	1	1	1	0	1	0	0	0	1	1	1	1	1	0	1	1	1	0	0	0	1	0	0	1	0	0	1	0	1	0	1	1	0
1082649962	1	2	1	4	0	0	1	0	0	0	1	1	1	1	1	1	1	1	1	1	0	1	1	0	0	1	0	0	1	1	1	1	1	1	0	1	0	0	1	1	1	1	0	1	0	0	1	0	1	1
1061192312	1	2	1	4	0	0	0	0	0	0	0	1	0	1	0	0	1	0	1	0	0	1	1	0	0	0	0	0	0	1	0	0	1	1	0	0	0	1	1	0	0	0	0	0	0	0	0	1	0	1
1055322555	1	2	1	4	0	0	1	0	1	0	1	0	1	1	1	0	1	1	1	0	0	1	1	0	0	1	1	0	0	1	0	0	0	1	0	1	0	1	1	1	1	1	0	0	0	0	1	0	1	1
1055160817	1	2	1	4	0	0	1	0	0	0	0	0	0	0	0	0	0	0	1	0	0	1	1	0	0	0	0	0	1	0	0	0	0	0	0	0	0	0	0	0	0	0	0	0	0	0	0	0	0	0
1053894474	1	2	1	4	0	0	0	0	0	0	1	1	0	1	0	0	1	0	0	0	0	1	0	1	0	0	1	0	0	0	1	0	1	1	0	0	1	0	1	0	1	0	0	0	0	0	0	0	0	0
1053446277	1	2	1	4	1	0	0	0	0	0	0	0	0	0	0	0	0	0	0	0	0	0	0	0	0	0	0	0	0	0	0	0	0	0	1	0	0	1	0	0	0	0	0	0	0	0	0	0	0	0
1051860123	1	2	1	4	0	0	0	0	0	0	0	0	0	0	0	0	0	0	0	0	0	0	0	0	0	0	0	0	0	0	0	0	0	1	0	0	0	1	0	0	0	0	0	0	0	0	0	0	0	0
1044435616	1	2	1	4	1	0	0	0	0	0	0	0	0	1	0	0	1	1	0	1	0	0	1	0	0	0	0	0	0	1	0	0	0	1	0	0	0	1	0	0	0	0	0	0	0	0	0	0	0	0
1041769388	1	2	1	4	1	0	0	0	0	0	0	0	0	0	0	0	0	0	1	0	0	0	0	0	0	0	0	0	0	0	0	0	0	1	1	0	0	0	0	0	0	0	0	0	0	0	0	0	0	0
1040532230	1	2	1	4	1	0	0	0	0	0	0	1	0	0	0	1	0	0	1	0	0	0	0	0	1	1	0	0	0	0	0	0	0	0	0	0	0	0	0	1	0	0	0	0	0	0	0	0	0	1
1040513201	1	2	1	4	0	0	1	1	1	0	1	1	1	1	0	1	1	1	1	0	0	1	1	0	0	0	0	0	0	1	1	1	1	1	0	0	0	1	1	1	1	0	0	0	1	1	0	1	1	1
1039437092	1	2	1	4	0	0	1	0	0	0	0	0	0	0	0	0	1	1	1	0	0	0	0	0	0	0	0	0	0	0	0	0	0	0	0	0	0	1	0	1	0	1	0	0	1	0	0	0	0	0
1039433931	1	2	1	4	1	0	1	1	0	0	0	1	0	0	0	0	1	0	1	1	0	1	0	0	0	0	0	0	0	0	0	0	0	1	1	0	0	1	1	1	0	0	0	0	0	0	0	1	0	0
1039417862	1	2	1	4	0	0	1	0	0	0	0	0	0	1	0	0	1	0	1	0	0	0	1	0	0	0	0	0	0	0	0	0	0	1	0	0	0	1	0	1	0	0	0	0	0	0	0	0	1	0
1037708585	1	2	1	4	0	0	0	0	0	0	1	1	0	0	1	0	1	0	1	0	0	1	0	0	0	1	0	0	0	0	0	1	0	0	0	0	0	0	0	0	0	0	0	0	0	0	0	0	0	0
1037243904	1	2	1	4	0	0	0	0	1	0	1	1	0	0	1	1	0	0	1	0	0	1	0	0	0	1	0	0	0	0	0	1	0	0	0	0	0	0	1	0	1	1	0	0	0	0	0	0	1	0
1094493474	1	2	1	4	1	0	0	0	0	0	0	0	1	1	0	1	0	0	0	0	0	0	0	0	0	0	0	0	0	0	0	0	0	0	0	0	0	0	0	0	0	0	0	0	0	0	0	0	0	0
1088811133	1	2	1	4	1	1	0	0	1	0	0	1	0	0	0	0	1	0	1	1	0	0	0	0	0	0	0	1	1	0	0	0	0	1	0	1	1	1	1	1	0	0	0	0	0	0	1	0	1	1
1087220564	1	2	1	4	1	0	0	0	1	1	1	0	0	1	1	0	1	0	0	0	0	0	0	1	1	1	1	1	0	0	0	1	0	0	0	0	0	0	0	1	0	0	1	0	1	1	0	0	0	1
1086347503	1	2	1	4	0	0	0	0	0	0	0	0	1	1	0	0	1	0	0	0	0	0	1	0	0	0	0	0	0	0	0	0	0	1	0	0	0	1	0	0	0	0	0	0	0	0	0	0	0	0
1084193215	1	2	1	4	1	0	1	0	0	0	0	0	0	0	0	0	1	0	1	0	0	0	0	0	0	0	0	0	0	0	0	0	0	0	1	0	0	0	0	0	0	0	0	0	0	0	0	0	0	1
1084124855	1	2	1	4	0	1	0	0	0	0	1	0	1	1	1	1	1	0	1	0	0	0	0	1	1	1	0	0	0	1	1	0	1	0	0	0	1	0	0	1	0	0	1	1	0	0	0	0	0	1
1084119548	1	2	1	4	1	1	0	0	1	0	0	1	0	0	0	0	1	0	1	1	0	0	0	0	0	1	0	0	0	1	0	0	0	1	0	0	0	1	0	0	0	0	0	0	0	0	0	1	0	0
1083260686	1	2	1	4	0	0	0	1	0	0	0	0	0	0	0	0	0	0	0	1	0	0	0	0	0	0	0	0	0	0	1	0	0	0	0	0	1	0	0	0	0	0	0	0	0	0	0	1	0	0
1083159813	1	2	1	4	1	1	1	0	0	0	1	0	1	1	1	1	1	1	1	0	0	0	1	0	0	0	1	1	0	1	0	0	0	1	0	0	0	0	0	1	1	0	0	0	0	0	1	0	1	1
1083153997	1	2	1	4	0	1	0	0	0	0	0	0	0	0	0	0	1	0	0	0	0	0	0	0	0	0	0	0	0	0	0	0	1	0	0	0	0	1	0	0	0	0	0	0	0	0	1	0	0	0
1083135603	1	2	1	4	0	0	1	1	0	0	0	0	0	1	0	0	0	0	0	0	0	0	1	0	0	1	0	0	0	0	0	0	0	1	0	1	0	1	0	0	0	1	0	0	0	0	1	0	0	0
1083135120	1	2	1	4	0	0	0	0	0	0	1	0	0	0	0	0	0	0	0	0	0	0	0	0	0	0	0	0	0	0	0	0	0	0	0	0	0	0	0	0	0	0	0	0	0	0	0	0	0	0
1083130370	1	2	1	4	1	0	0	0	0	0	0	0	0	0	0	0	0	0	0	0	0	0	0	0	0	0	0	0	0	1	0	1	0	1	0	0	0	0	0	1	0	0	0	0	0	1	0	0	0	0
1083082979	1	2	1	4	0	0	0	0	0	0	0	1	0	0	0	0	1	0	0	0	0	0	0	0	0	1	0	0	0	0	0	0	0	1	0	1	0	1	0	0	0	0	0	0	0	0	0	0	0	0
1082145053	1	2	1	4	0	1	1	0	0	0	0	0	0	0	1	0	1	0	0	0	0	0	0	1	0	0	0	0	0	0	0	1	0	0	0	0	0	1	0	0	0	0	0	0	1	0	0	0	0	0
1078009445	1	2	1	4	1	1	0	0	0	0	0	0	1	0	1	0	1	1	1	1	0	1	1	1	1	1	0	0	0	1	0	1	0	1	0	0	0	1	0	0	0	0	1	0	0	0	0	0	0	0
1077979379	1	2	1	4	0	0	0	0	0	0	0	0	0	1	0	0	1	0	1	0	0	1	0	0	0	0	0	0	0	0	0	0	0	1	0	0	0	1	0	0	0	0	0	0	0	0	0	0	0	0
1077930844	1	2	1	4	1	0	0	0	0	0	0	0	0	0	0	0	1	0	0	0	0	0	0	0	0	0	0	0	0	0	0	0	0	0	0	0	0	1	0	0	0	0	0	0	0	0	0	0	0	0
1077650840	1	2	1	4	0	0	0	0	0	1	0	0	0	0	0	0	0	0	1	0	1	0	0	0	0	0	0	0	0	0	0	0	0	0	0	0	0	0	0	0	0	0	0	0	0	0	0	0	0	0
1077420069	1	2	1	4	1	0	1	0	0	0	1	0	1	0	0	1	1	0	0	0	0	0	0	0	0	0	0	1	0	0	0	1	0	0	0	0	0	0	0	1	0	0	0	0	0	0	1	0	0	0
1077384722	1	2	1	4	0	0	0	0	1	0	0	0	1	1	0	0	1	0	1	0	1	0	0	0	0	0	0	0	0	1	0	0	1	1	0	0	0	1	0	0	0	0	0	0	0	0	0	0	0	0
1075914893	1	2	1	4	0	0	1	0	0	0	1	0	1	0	1	1	1	0	1	0	0	0	0	1	0	1	1	0	0	0	0	1	1	0	0	1	0	1	0	1	1	0	0	0	0	0	1	0	0	1
1075821196	1	2	1	4	0	1	0	0	1	1	0	0	1	1	1	0	1	1	1	0	0	0	0	1	0	1	1	1	0	0	0	1	1	1	0	0	0	1	1	1	1	0	0	1	1	0	1	0	1	0
1075812082	1	2	1	4	1	0	0	0	1	0	0	1	0	1	1	0	1	0	0	1	0	1	1	0	0	0	0	1	0	1	0	0	0	1	0	0	0	1	1	0	0	0	0	0	0	0	0	0	0	0
1075795827	1	2	1	4	0	1	0	0	1	1	1	1	0	0	0	0	1	0	0	1	0	0	0	0	1	1	0	1	1	0	0	1	1	1	0	0	0	0	0	0	0	1	1	0	1	0	0	0	0	0
1074718894	1	2	1	4	0	0	1	1	1	0	0	0	0	0	0	0	1	0	0	0	0	0	0	0	0	0	0	0	0	0	0	0	0	0	0	0	0	0	0	1	0	0	0	0	1	0	0	0	1	0
1074718110	1	2	1	4	1	0	0	0	0	0	0	0	0	1	1	0	0	0	0	0	1	0	1	0	0	0	0	0	0	0	0	0	0	0	1	0	0	1	0	0	0	0	0	0	0	0	0	0	0	1
1074711155	1	2	1	4	1	1	0	1	1	0	0	1	0	0	1	0	1	1	1	1	0	0	1	0	0	1	1	1	1	1	0	1	0	1	0	0	1	0	1	1	0	0	0	1	1	0	1	0	0	1
1085366379	1	2	1	4	0	0	1	1	0	0	0	0	0	0	0	0	1	0	0	0	0	0	0	0	0	0	0	0	0	0	0	0	0	0	0	0	0	0	0	0	0	0	0	0	0	0	0	1	0	0
1084158632	1	2	1	4	0	1	0	1	1	1	0	0	0	1	0	0	1	0	1	0	0	1	0	0	1	0	0	0	1	1	0	1	0	0	0	0	0	0	1	0	0	0	1	0	0	0	0	0	1	0
1083040502	1	2	1	4	0	0	0	1	0	0	0	1	0	1	0	0	1	0	1	1	0	1	1	0	0	0	0	0	0	1	0	0	0	0	0	0	0	0	1	0	0	0	0	0	0	0	0	1	0	1
1082148091	1	2	1	4	0	0	0	1	0	0	0	1	0	1	0	0	1	1	1	0	0	0	0	0	0	0	0	0	0	0	0	0	0	0	0	0	0	0	0	0	0	0	0	0	0	0	0	0	0	0
1080183659	1	2	1	4	0	0	0	1	0	0	1	0	0	0	0	0	0	0	0	0	0	0	1	0	0	0	0	0	0	0	0	1	0	0	0	0	0	0	1	1	0	0	0	0	0	0	1	0	0	0
1079284617	1	2	1	4	0	0	0	0	0	0	1	1	0	1	0	0	1	1	1	0	0	0	0	0	0	1	0	0	0	1	0	1	0	0	0	0	0	0	1	1	0	0	0	0	0	0	0	0	0	0
1079258595	1	2	1	4	0	0	0	0	1	0	0	0	0	1	0	0	1	1	1	1	0	1	1	0	0	1	1	0	0	1	0	0	0	0	0	0	0	0	1	1	1	0	0	0	0	0	0	0	1	0
1079153539	1	2	1	4	0	0	0	0	0	0	0	1	0	0	0	0	1	0	0	0	0	0	0	0	0	1	0	0	0	0	0	0	0	0	0	0	0	0	0	0	0	0	0	0	0	0	1	0	0	0
1078248922	1	2	1	4	0	1	0	0	0	0	0	0	0	0	0	0	0	0	0	0	0	0	0	0	0	0	0	0	0	0	0	0	0	0	0	0	0	0	0	0	0	0	0	0	0	0	0	0	0	0
1078205718	1	2	1	4	0	0	0	0	0	0	1	0	1	1	0	1	1	0	1	0	0	0	0	0	0	1	0	0	0	0	0	1	1	0	0	0	0	1	1	0	0	0	0	0	0	0	0	0	0	0
1078201361	1	2	1	4	0	0	0	1	0	0	0	0	0	0	0	0	1	0	0	1	0	0	0	0	0	0	0	0	0	0	0	0	0	0	0	0	0	0	0	0	0	0	0	0	0	0	0	0	0	0
1078200367	1	2	1	4	1	1	1	0	1	1	1	0	1	1	1	1	1	1	1	1	0	1	0	1	0	1	1	1	1	0	0	1	1	1	0	0	1	1	1	0	1	1	1	0	0	0	1	0	0	0
1078193403	1	2	1	4	0	0	0	0	0	0	0	0	0	0	0	0	0	0	0	0	0	0	0	0	0	0	0	0	0	0	0	0	0	0	0	0	0	1	1	0	0	0	0	0	0	0	0	0	0	0
1077082976	1	2	1	4	0	0	0	0	0	0	0	0	0	1	0	0	1	0	1	0	0	0	0	0	0	0	0	0	0	0	0	0	0	1	0	0	0	1	0	0	0	0	0	0	0	0	0	0	0	1
1075971417	1	2	1	4	1	0	1	0	0	0	1	0	0	1	0	0	1	0	0	0	0	0	0	0	0	1	0	0	0	0	0	0	0	0	1	0	0	0	0	0	0	0	0	0	0	0	0	0	0	0
1074266183	1	2	1	4	1	0	1	0	0	0	1	1	0	1	1	0	1	0	1	0	0	0	0	0	0	1	0	0	0	1	0	0	0	1	0	0	0	1	0	0	1	1	0	0	0	0	0	0	0	0
1073608714	1	2	1	4	0	0	0	0	1	0	0	1	1	0	0	0	1	1	0	0	0	0	0	0	1	0	0	0	0	1	0	0	0	0	0	0	0	0	1	0	0	0	1	1	1	0	0	0	0	0
1072379976	1	2	1	4	1	1	0	0	1	1	0	0	0	1	0	0	1	0	1	1	0	0	0	1	0	0	0	1	0	1	0	0	0	1	0	0	0	0	0	1	0	0	0	0	0	0	0	0	0	1
1072262204	1	2	1	4	0	0	0	0	0	0	0	1	0	1	0	0	0	0	0	1	0	1	1	0	0	0	0	0	0	1	0	0	0	0	0	0	0	1	1	0	0	0	0	0	0	0	0	1	0	0
1072244865	1	2	1	4	0	0	0	1	0	0	0	1	1	1	1	0	1	1	1	1	0	1	0	1	0	1	0	0	0	0	0	0	1	0	0	0	0	1	1	0	0	0	0	0	0	0	0	0	1	1
1072240214	1	2	1	4	0	0	0	0	0	0	1	0	1	1	0	1	0	0	0	0	1	0	0	0	0	0	0	0	0	0	0	0	0	0	0	0	0	0	0	0	0	0	0	0	0	0	0	0	0	0
1069597637	1	2	1	4	0	0	0	0	0	0	1	0	0	1	0	0	0	0	0	0	0	1	0	0	0	0	0	0	0	0	0	0	0	0	1	0	0	1	0	0	0	0	0	0	0	0	0	0	0	0
1069595845	1	2	1	4	0	0	1	0	0	0	1	0	0	1	1	1	1	1	1	1	0	1	0	1	0	1	1	0	0	0	0	1	1	0	0	0	0	1	0	0	0	1	1	0	1	0	0	0	1	0
1069559117	1	2	1	4	0	0	0	0	0	0	0	0	0	0	0	0	1	0	1	0	0	0	0	0	0	1	0	0	0	0	0	0	0	1	0	0	0	1	0	0	0	0	0	0	0	0	0	0	0	0
1069386421	1	2	1	4	0	1	1	1	0	1	0	1	0	0	1	0	1	1	0	0	0	1	0	1	1	1	0	1	1	0	0	0	0	0	0	1	0	1	0	1	0	0	1	0	0	0	1	1	0	0
1069301396	1	2	1	4	1	1	0	1	1	1	0	0	0	0	0	0	1	0	1	1	0	0	0	1	0	1	1	1	0	0	0	0	0	1	0	0	0	1	0	1	1	0	0	0	0	0	1	0	0	1
1069207916	1	2	1	4	0	0	0	0	0	0	1	0	0	0	0	0	1	0	0	0	0	0	0	0	1	1	0	0	0	0	0	0	0	0	0	0	0	0	1	0	1	0	0	0	1	0	0	0	0	0
1069170887	1	2	1	4	0	0	1	0	0	0	1	0	0	0	0	0	0	0	1	0	0	1	0	0	0	1	0	0	0	0	0	0	0	1	0	0	0	1	0	0	0	0	0	0	1	0	0	0	0	0
1067047992	1	2	1	4	0	0	0	1	0	0	1	0	0	0	0	0	0	0	0	0	0	1	0	0	0	0	0	0	0	0	0	0	0	0	0	0	0	0	0	0	0	0	0	0	0	0	0	0	0	0
1066921274	1	2	1	4	1	0	0	0	0	0	0	1	1	1	1	1	1	0	1	1	0	0	0	0	1	1	0	0	0	0	0	1	1	1	0	0	0	0	0	1	0	0	0	0	0	0	1	0	0	1
1066365664	1	2	1	4	0	0	0	0	0	1	1	0	0	0	0	0	1	1	0	0	0	0	0	0	0	0	0	0	0	0	0	0	1	1	0	0	0	1	0	0	0	0	0	0	0	0	0	0	0	1
1066361412	1	2	1	4	0	0	0	1	0	0	0	1	0	0	0	0	1	0	0	0	0	0	0	0	0	0	0	0	0	0	0	0	0	0	0	0	0	0	0	0	0	0	0	0	0	0	0	1	0	0
1066312793	1	2	1	4	0	0	0	0	1	0	0	0	0	1	0	0	0	0	0	0	0	0	0	0	0	0	0	0	0	1	0	0	0	0	0	0	0	0	0	0	0	0	0	0	0	0	0	0	0	0
1066310691	1	2	1	4	0	0	0	1	0	0	0	0	0	1	0	0	0	0	1	0	0	0	0	0	0	0	0	0	0	0	0	0	0	1	0	0	0	0	0	1	0	0	0	0	0	0	0	0	0	0
1066295065	1	2	1	4	0	0	0	1	0	0	0	0	0	0	0	0	0	0	0	0	0	1	1	0	0	0	0	0	0	0	0	0	1	0	0	0	0	0	1	0	0	0	0	0	0	0	0	1	0	0
1066242128	1	2	1	4	0	0	0	0	0	0	0	0	0	0	0	0	1	0	0	0	0	0	0	0	0	0	0	0	0	0	0	0	0	0	0	0	0	1	0	0	0	0	0	0	0	0	0	0	0	0
1065204152	1	2	1	4	1	1	1	1	0	0	1	0	1	1	0	1	1	1	0	1	0	1	0	0	0	0	0	0	0	1	1	1	0	1	0	0	1	1	1	0	1	0	0	0	1	0	0	1	1	1
1064716267	1	2	1	4	0	1	0	0	0	0	1	1	0	1	0	0	1	1	0	1	0	1	0	0	1	1	0	0	0	0	0	0	0	0	0	0	0	1	1	0	0	0	1	0	0	0	1	0	0	1
1064706466	1	2	1	4	1	1	1	0	1	1	1	0	1	1	1	0	1	0	0	0	1	0	1	1	1	1	0	1	1	0	0	0	0	0	0	0	1	1	0	1	0	1	1	0	0	0	0	0	0	0
1064634537	1	2	1	4	0	0	0	0	0	0	0	0	0	1	0	0	0	0	1	0	0	0	0	0	0	0	0	0	0	0	0	0	0	1	0	0	0	0	0	0	0	1	0	0	0	0	1	0	0	0
1064560617	1	2	1	4	0	1	1	1	1	0	1	0	0	1	0	0	1	1	0	0	0	0	0	0	1	1	0	0	1	0	0	0	0	1	0	0	0	1	1	0	0	0	1	0	0	0	0	0	0	0
1064412891	1	2	1	4	1	0	1	0	0	0	0	0	1	1	0	0	1	0	1	0	0	1	0	0	0	1	0	0	0	0	0	0	0	0	1	0	0	1	0	0	0	0	0	0	1	0	0	0	0	0
1064382348	1	2	1	4	0	0	1	1	1	0	0	0	0	0	0	0	1	0	0	0	0	1	0	0	0	0	0	0	0	0	0	0	0	1	0	0	0	0	0	0	0	0	0	0	0	0	0	1	0	0
1064347531	1	2	1	4	0	1	0	1	0	0	0	0	0	0	0	0	1	0	0	0	0	0	0	0	0	0	0	1	1	0	0	0	0	0	0	0	0	0	0	0	0	1	0	0	0	0	0	0	0	0
1072377029	1	2	1	4	0	0	1	0	0	0	1	0	0	0	1	0	0	0	1	1	0	0	1	0	0	0	0	0	0	0	0	0	0	1	0	0	0	0	1	0	0	0	0	0	1	0	0	0	1	1
1061464214	1	2	1	4	0	0	1	0	0	0	1	0	1	1	0	1	1	1	1	1	0	1	1	0	0	1	1	0	0	0	0	0	1	1	0	0	0	1	0	1	1	0	0	0	0	0	1	0	0	1
1101773130	1	2	1	4	0	0	0	0	0	0	1	0	0	1	0	0	0	0	0	0	1	0	0	0	0	0	0	0	0	0	0	0	0	1	0	1	0	0	0	0	0	0	0	0	0	0	0	0	0	0
1090176951	1	2	1	4	0	0	1	0	0	1	1	0	0	1	1	0	1	1	0	1	0	1	1	0	1	1	1	0	0	1	0	0	1	1	0	0	0	1	1	1	1	1	0	0	0	0	1	0	1	1
1090157590	1	2	1	4	0	0	1	0	1	0	1	1	1	1	1	1	1	1	1	1	0	1	1	1	1	1	1	1	0	1	0	1	1	1	0	1	1	0	1	1	1	1	1	1	1	0	1	0	1	1
1090139999	1	2	1	4	0	0	1	0	1	1	1	1	1	1	1	1	1	1	1	1	0	1	1	1	0	1	1	0	0	0	0	0	1	1	0	1	0	1	0	1	1	0	0	1	1	0	1	0	1	1
1090128566	1	2	1	4	0	0	1	1	1	0	1	1	0	1	1	1	1	1	1	1	0	1	1	1	1	1	1	1	1	1	0	1	1	0	0	1	0	1	1	1	1	1	1	1	0	1	1	1	1	1
1090106727	1	2	1	4	0	1	1	0	1	0	1	1	1	1	1	0	1	1	1	1	0	1	1	0	1	1	1	0	1	1	0	0	1	0	0	1	0	0	1	1	1	0	1	0	0	0	1	0	1	1
1086370339	1	2	1	4	0	0	0	0	0	0	1	0	0	1	0	1	1	1	1	1	0	1	0	0	0	1	0	0	0	0	0	1	1	1	0	1	0	0	1	1	1	1	0	0	0	0	0	0	1	0
1086365448	1	2	1	4	0	1	1	0	0	1	1	1	1	1	1	1	1	1	1	0	0	1	0	1	1	1	1	0	0	1	0	1	1	1	0	1	0	0	0	0	0	0	0	0	0	0	1	0	1	1
1086351787	1	2	1	4	0	1	1	0	1	1	1	1	1	1	1	1	1	1	1	1	0	1	1	1	0	1	1	1	1	1	1	1	1	1	1	0	1	0	1	1	1	1	0	1	0	0	1	0	1	1
1082080233	1	2	1	4	1	0	0	0	0	0	1	0	0	0	0	0	1	0	0	1	0	0	0	0	0	0	0	0	0	0	0	1	0	1	0	0	0	0	0	1	0	0	0	0	0	0	0	0	0	1
1080157696	1	2	1	4	0	0	1	0	0	0	1	0	0	0	0	1	0	0	0	0	0	0	0	0	0	0	0	0	0	0	0	0	0	0	0	0	0	0	0	0	0	0	0	0	0	0	0	0	0	1
1078118595	1	2	1	4	1	0	0	0	1	0	0	0	0	1	0	1	1	0	0	0	0	0	0	0	0	0	0	0	0	1	0	0	0	1	0	0	0	1	1	0	0	0	0	0	0	0	0	0	0	0
1078082210	1	2	1	4	0	0	0	1	0	0	1	0	1	1	0	1	1	1	1	0	0	0	0	1	0	0	0	0	0	0	0	0	1	1	0	0	0	0	0	1	1	0	0	0	1	0	1	0	0	0
1078080392	1	2	1	4	0	0	0	1	0	0	0	0	1	1	0	0	0	0	1	0	0	1	0	0	0	0	0	0	0	0	1	0	0	1	0	0	0	1	1	0	0	1	0	0	0	0	0	1	0	1
1074221450	1	2	1	4	0	1	0	0	0	0	1	0	1	1	0	0	1	1	1	1	0	1	0	0	0	1	1	1	0	0	0	1	0	1	0	0	0	0	1	0	0	0	0	0	0	0	0	0	0	1
1072284796	1	2	1	4	0	0	1	0	0	0	1	1	0	0	1	0	1	0	1	0	0	0	0	0	1	1	0	0	0	0	0	0	0	1	0	0	0	0	0	1	0	0	1	0	0	0	0	0	0	0
1064160833	1	2	1	4	0	0	1	0	0	0	1	0	0	1	1	0	1	0	1	0	0	0	0	0	1	0	0	1	1	0	0	0	0	0	0	0	0	0	0	1	0	0	1	0	1	1	0	0	0	0
1082633410	1	2	1	4	1	1	0	0	1	1	1	0	0	1	0	1	1	1	1	1	0	1	1	1	0	1	1	1	0	1	0	1	1	1	0	0	0	0	1	1	1	1	0	0	0	1	1	0	1	1
1064657949	1	2	1	4	0	0	1	1	1	0	0	0	1	1	1	1	1	1	1	1	0	1	1	1	0	1	1	0	0	0	0	1	1	1	0	1	0	0	1	1	1	0	0	0	0	0	1	1	1	1
1053574741	1	2	1	4	1	0	0	0	0	0	0	0	0	0	0	1	1	1	0	0	0	0	0	0	0	0	0	0	0	0	0	0	1	0	1	0	0	1	1	1	0	0	0	0	0	0	0	0	0	0
1045436300	1	2	1	4	0	0	1	1	0	0	0	0	0	1	1	0	1	1	1	1	0	1	0	0	0	1	1	1	0	0	0	1	0	0	0	0	0	0	1	1	1	1	0	1	1	0	1	0	1	1
1044960055	1	2	1	4	0	0	1	1	1	0	0	0	0	1	0	0	1	0	0	0	0	0	0	1	1	1	0	0	0	0	0	0	0	0	0	1	0	0	0	0	0	0	0	1	1	0	1	0	1	1
1044909382	1	2	1	4	0	0	0	0	0	0	0	0	1	1	0	0	1	1	0	0	0	0	0	0	1	0	0	0	0	1	0	0	0	0	0	1	0	0	0	1	0	0	1	0	0	0	0	0	0	0
1103421143	1	2	2	5	0	0	0	1	1	1	1	0	1	1	1	1	1	1	1	1	0	0	1	1	0	1	1	1	0	0	0	1	1	0	0	1	0	0	1	1	1	1	0	0	0	0	1	0	1	1
1103396634	1	2	2	5	0	0	0	1	0	0	1	1	0	1	0	0	0	0	1	1	0	1	0	0	0	0	0	0	0	1	0	1	0	0	0	0	0	0	1	0	0	0	0	0	0	0	0	0	0	0
1102518894	1	2	2	5	0	1	1	1	1	1	1	1	1	1	1	1	1	1	1	1	0	1	1	1	0	1	0	1	1	1	1	1	1	1	0	1	1	0	1	1	1	1	0	0	1	1	1	1	1	1
1090256548	1	2	2	5	0	0	0	0	0	1	1	0	1	0	0	0	0	1	1	0	0	0	1	0	0	0	0	0	0	1	1	0	0	1	0	0	0	0	0	0	0	1	0	0	0	0	0	0	0	0
1090235149	1	2	2	5	0	0	0	1	0	1	1	1	1	1	1	1	1	1	1	1	0	1	1	1	0	1	1	1	0	1	0	0	1	1	0	0	0	1	1	1	1	1	0	1	0	0	1	1	1	1
1090186274	1	2	2	5	0	0	0	0	0	1	1	1	1	1	1	1	1	1	1	1	0	1	1	1	0	1	1	1	0	1	0	1	1	0	0	0	1	1	1	1	1	1	0	1	1	0	1	0	1	0
1082660118	1	2	2	5	0	1	1	0	1	1	1	1	1	1	1	1	1	1	1	1	0	1	1	1	1	1	1	1	1	1	1	1	1	1	0	1	1	1	1	1	1	1	1	1	1	1	1	1	1	1
1082655059	1	2	2	5	0	0	1	1	0	0	1	1	1	1	1	1	1	1	1	1	0	1	1	1	0	1	1	0	0	1	1	1	1	0	0	1	1	0	1	1	1	1	0	1	0	0	1	1	1	1
1082630414	1	2	2	5	0	0	0	1	0	0	1	1	0	0	0	0	0	0	0	0	0	1	0	0	0	0	0	0	0	0	0	0	0	1	0	0	0	0	0	0	0	1	0	0	0	0	1	1	1	1
1082627510	1	2	2	5	0	0	0	0	0	0	1	0	1	1	1	1	1	1	1	1	1	0	1	0	0	1	0	0	0	1	0	0	1	0	1	0	0	0	0	1	0	1	0	1	0	1	0	0	0	1
1063911760	1	2	2	5	0	1	1	1	1	1	0	1	1	1	1	1	1	1	1	1	0	1	1	1	1	1	1	0	1	1	0	1	1	0	0	0	1	0	0	1	0	0	1	1	1	1	1	0	1	1
1061179672	1	2	2	5	0	0	1	0	0	0	1	0	1	1	0	1	1	1	1	0	0	0	1	1	0	1	1	0	0	1	1	1	1	1	0	1	0	0	1	1	1	1	0	0	1	0	1	0	1	0
1058716626	1	2	2	5	0	0	0	1	1	1	0	1	0	1	0	0	1	0	0	0	0	0	0	0	0	0	0	1	0	1	0	0	0	0	1	0	1	1	0	0	0	0	0	0	0	0	0	1	0	0
1053396798	1	2	2	5	1	0	1	0	0	0	0	0	0	1	1	1	0	1	1	1	0	1	0	0	0	1	0	0	0	0	0	0	0	0	0	1	0	1	0	1	1	1	0	0	0	0	0	0	0	1
1051676002	1	2	2	5	1	0	0	1	0	0	1	0	1	1	0	1	1	0	1	0	0	0	0	0	0	0	0	0	0	0	0	0	1	0	0	0	0	0	0	0	0	0	0	0	0	0	0	1	0	0
1051646174	1	2	2	5	1	0	1	0	0	0	1	1	0	1	0	1	1	1	1	0	0	1	0	1	1	0	0	0	0	0	0	0	0	0	0	1	0	0	1	0	0	0	0	0	1	0	0	0	0	0
1049743537	1	2	2	5	0	0	0	1	0	0	0	0	0	1	0	0	0	0	0	0	0	0	0	0	0	0	0	0	0	0	0	0	0	0	1	0	0	0	0	0	0	0	0	0	0	0	0	0	0	0
1046046599	1	2	2	5	1	0	0	0	0	0	0	1	0	1	0	0	0	0	1	0	0	0	1	0	0	0	0	0	0	1	0	0	0	1	0	0	0	0	0	0	0	0	0	0	0	0	0	0	0	0
1044936017	1	2	2	5	0	0	0	0	0	0	0	0	0	1	0	0	1	0	1	0	0	1	0	0	0	0	0	0	0	0	0	0	0	1	1	0	0	1	1	0	0	0	0	0	0	0	0	1	0	0
1042297344	1	2	2	5	0	1	0	1	1	1	0	1	0	1	1	0	1	0	1	0	0	1	0	0	0	0	0	1	0	0	0	1	1	0	0	0	1	1	1	0	0	0	0	0	0	0	1	1	0	0
1041965731	1	2	2	5	1	1	1	0	1	1	0	0	0	0	0	0	0	0	0	0	0	0	0	1	1	0	0	0	0	0	0	1	0	0	0	0	0	0	0	0	0	0	0	0	0	0	0	0	0	0
1041890967	1	2	2	5	0	0	0	1	0	0	1	0	0	0	0	0	0	0	0	1	0	0	0	0	0	0	0	0	0	0	0	0	0	1	0	0	0	0	0	0	0	0	0	0	0	0	0	0	0	0
1041887832	1	2	2	5	0	0	0	1	1	0	1	1	1	1	0	1	1	1	1	1	0	1	1	1	0	1	1	0	0	1	1	1	1	1	0	0	1	1	1	0	0	0	0	0	0	0	0	1	1	1
1041764811	1	2	2	5	1	0	1	0	1	0	1	1	1	1	0	1	1	1	1	0	0	1	1	0	0	1	1	0	0	1	1	1	1	1	1	0	1	1	1	1	0	0	0	0	0	0	1	0	1	0
1039540532	1	2	2	5	0	0	0	0	0	0	1	0	1	1	1	0	1	1	1	1	0	0	0	0	0	0	1	0	0	0	0	1	1	1	0	0	1	0	1	0	0	1	0	0	0	0	0	0	0	0
1039429733	1	2	2	5	1	1	1	1	1	0	0	0	0	1	1	0	1	1	1	0	0	1	0	1	0	1	0	0	0	1	1	0	1	1	1	0	0	0	1	1	0	0	0	0	1	0	0	0	0	1
1099715015	1	2	2	5	0	0	0	0	0	0	0	0	0	1	0	0	0	0	0	0	1	0	0	0	0	0	0	0	0	1	0	0	0	1	0	0	0	0	0	0	0	1	0	0	0	0	0	0	0	0
1088809734	1	2	2	5	0	0	0	0	0	0	0	0	0	0	0	0	0	0	0	0	0	0	0	0	0	0	0	0	0	0	0	0	0	0	0	0	0	0	0	0	0	0	0	0	0	0	0	0	0	0
1087296483	1	2	2	5	1	0	0	1	1	0	0	0	0	1	0	1	0	0	1	1	0	0	0	0	1	0	1	0	0	0	0	0	1	1	1	1	1	0	0	1	0	0	0	0	0	0	1	0	0	1
1087215026	1	2	2	5	1	0	0	0	0	0	0	1	0	0	0	0	0	0	0	0	0	0	0	1	1	0	1	0	0	0	0	0	0	1	0	0	0	0	0	0	0	1	1	0	1	0	0	0	0	0
1086363788	1	2	2	5	0	0	0	0	1	1	0	0	0	0	0	0	1	1	0	0	0	0	0	0	0	1	0	0	1	1	0	1	0	1	0	0	0	0	0	1	0	0	0	0	0	0	0	0	0	0
1086320170	1	2	2	5	0	0	1	0	0	0	1	0	0	0	1	0	0	0	1	0	0	0	0	0	0	1	0	0	0	0	0	0	0	0	0	0	0	0	0	1	0	0	0	0	0	0	1	0	0	0
1086318145	1	2	2	5	0	0	0	0	0	0	0	0	0	0	0	0	0	0	0	0	0	0	0	0	0	1	0	0	0	0	0	0	0	0	0	0	0	0	0	0	0	1	0	1	0	0	0	0	0	0
1085621702	1	2	2	5	0	0	0	0	0	0	0	0	0	1	0	0	1	0	0	0	0	0	0	0	0	0	0	0	0	0	0	0	0	0	0	0	0	0	1	0	0	0	0	0	0	0	0	0	0	0
1085620711	1	2	2	5	1	0	0	0	1	0	0	0	0	1	1	0	1	1	1	0	0	1	1	1	1	1	1	1	0	1	1	0	1	1	0	1	0	0	1	1	1	1	0	1	0	1	0	0	1	1
1085288857	1	2	2	5	1	0	0	0	0	0	0	0	1	1	0	1	1	0	1	0	0	0	0	0	0	0	0	0	0	0	0	0	1	0	0	0	0	1	1	0	0	0	0	1	0	0	0	0	0	1
1085214489	1	2	2	5	1	1	1	0	1	0	0	0	0	0	0	0	0	0	0	0	0	1	1	0	0	1	0	0	0	1	1	0	0	1	0	1	1	1	0	0	0	0	0	0	0	0	0	0	0	1
1084249517	1	2	2	5	1	0	1	0	0	0	1	0	1	1	1	1	1	1	0	0	0	0	0	0	0	1	0	0	0	0	0	0	0	0	0	0	0	0	0	1	0	0	0	0	0	0	1	0	0	0
1084243531	1	2	2	5	1	0	0	0	0	0	0	0	0	1	1	0	1	1	1	1	0	0	0	0	0	1	0	0	0	0	0	1	0	0	0	0	0	0	1	1	0	0	0	0	0	0	1	0	0	0
1084232785	1	2	2	5	1	0	0	0	0	0	0	0	0	0	0	0	0	0	0	0	0	1	0	0	0	0	0	1	1	0	1	0	0	0	0	0	1	1	0	0	0	1	0	0	0	0	0	0	0	0
1084144640	1	2	2	5	1	0	0	0	0	0	0	0	0	0	0	1	1	0	1	0	0	0	0	0	0	1	0	1	0	0	0	0	0	0	0	0	0	0	0	1	1	1	0	0	0	0	1	0	1	1
1084137236	1	2	2	5	1	0	0	0	0	0	0	0	0	0	0	0	0	0	0	0	1	0	0	0	0	0	0	0	0	0	0	0	0	1	0	0	0	0	0	0	0	0	0	0	0	0	0	0	0	0
1083656243	1	2	2	5	1	0	1	0	0	0	0	0	0	0	1	1	0	0	1	1	0	0	0	1	0	0	0	0	0	1	0	0	0	1	0	0	0	0	1	0	0	0	0	0	1	0	0	0	0	0
1083257406	1	2	2	5	0	0	0	0	0	0	1	0	0	0	0	0	0	0	0	0	0	0	0	0	0	0	0	0	0	0	0	0	0	0	0	0	0	0	0	0	0	0	0	0	0	0	0	0	0	0
1083238142	1	2	2	5	0	1	0	0	0	0	0	0	0	0	0	0	0	0	0	0	0	0	0	0	0	0	0	0	0	0	0	1	0	1	0	0	0	0	0	0	0	0	0	0	0	0	0	0	0	0
1083152789	1	2	2	5	0	0	0	0	0	0	0	0	0	0	0	0	0	0	0	0	0	0	0	0	0	0	0	0	0	0	0	0	1	0	0	0	0	0	0	0	0	0	0	0	0	0	0	0	0	0
1083136699	1	2	2	5	0	0	1	0	0	0	0	0	1	1	1	1	1	1	0	1	0	1	0	0	0	1	0	0	0	0	1	0	1	1	1	0	0	0	1	0	0	0	0	0	1	1	0	0	0	1
1083136445	1	2	2	5	1	0	0	0	0	0	1	0	1	0	0	1	1	0	0	0	0	0	0	0	0	1	0	0	0	0	0	0	0	1	0	0	0	0	0	0	0	0	0	0	0	0	1	0	0	1
1083136137	1	2	2	5	0	0	0	0	0	0	1	0	0	0	1	0	1	0	0	0	0	0	0	0	0	1	0	0	0	0	0	0	0	1	0	0	0	1	0	0	0	0	0	0	0	0	0	0	0	0
1083111155	1	2	2	5	0	0	0	0	0	0	0	0	0	0	0	0	1	0	0	0	0	0	0	0	0	0	0	0	0	0	0	0	0	1	0	0	0	1	0	0	0	0	0	0	0	0	0	0	0	0
1081250747	1	2	2	5	0	0	0	0	0	0	0	1	0	1	1	1	1	0	1	0	0	0	1	0	0	0	0	0	0	1	0	0	0	1	0	0	0	0	1	0	0	0	0	0	0	0	0	0	0	1
1080507311	1	2	2	5	0	0	0	0	0	0	0	0	0	1	0	1	1	0	1	1	0	0	0	1	0	0	0	0	0	0	0	1	0	1	0	0	0	1	0	0	0	0	0	0	0	0	0	0	0	1
1080270304	1	2	2	5	1	1	1	0	0	1	0	0	1	0	1	0	1	1	0	0	0	1	1	1	0	0	1	1	0	0	0	0	1	0	0	0	0	0	1	1	1	0	0	0	0	0	1	0	1	0
1080246552	1	2	2	5	0	0	0	0	1	1	1	0	1	1	1	1	0	1	1	0	0	0	1	1	0	1	1	1	0	1	0	0	1	1	0	0	0	1	1	1	1	1	1	1	0	0	0	0	0	1
1080240168	1	2	2	5	0	0	0	0	0	0	1	0	0	1	0	1	0	0	1	0	0	0	0	0	0	0	1	0	0	0	0	0	1	0	0	0	0	0	0	1	0	0	0	0	0	0	0	0	0	1
1079216435	1	2	2	5	0	0	0	0	0	0	0	0	0	1	0	0	1	0	0	0	0	0	1	0	0	0	1	0	0	0	0	0	0	0	0	0	0	0	0	0	0	1	0	0	0	0	0	0	0	0
1079199151	1	2	2	5	0	1	0	0	0	0	0	0	0	0	0	0	1	0	0	0	0	0	0	0	0	0	0	0	0	0	0	0	0	0	0	0	0	0	0	0	0	0	0	0	0	0	0	0	0	0
1079117372	1	2	2	5	1	0	0	0	0	0	0	0	0	0	0	1	1	0	0	0	0	0	0	0	0	0	0	0	0	0	1	0	0	0	0	0	0	1	1	1	1	0	0	1	0	0	0	0	0	0
1079053751	1	2	2	5	1	1	0	0	0	0	0	0	0	0	0	0	1	0	0	0	0	0	0	0	0	0	0	1	0	0	0	0	0	0	0	0	0	0	0	0	0	0	0	0	0	0	0	0	0	0
1078865288	1	2	2	5	0	0	0	0	0	0	1	0	0	0	0	0	1	0	0	0	0	0	0	0	0	0	0	0	0	0	0	0	0	0	1	0	0	0	0	0	0	0	0	0	0	0	0	0	0	0
1078048253	1	2	2	5	1	0	0	0	0	0	0	0	0	1	0	0	1	1	0	0	0	0	1	0	0	1	0	0	0	1	0	1	1	1	0	0	0	1	1	0	0	0	0	1	0	0	0	0	0	0
1077982774	1	2	2	5	0	0	0	0	0	0	0	0	0	0	0	0	1	1	0	0	0	0	0	0	0	0	0	0	0	0	0	0	1	0	0	0	0	0	0	1	0	0	0	0	0	0	0	0	0	0
1077978830	1	2	2	5	1	0	0	0	0	0	0	0	0	0	0	0	1	1	1	0	0	0	0	0	0	1	0	1	0	0	0	0	0	0	0	0	0	0	1	1	0	0	0	0	0	0	0	0	0	0
1077943787	1	2	2	5	1	0	1	0	1	0	0	0	0	1	1	0	1	0	1	0	0	0	1	0	0	1	0	0	0	1	0	0	0	1	0	0	0	0	1	0	0	0	0	0	0	0	0	0	0	0
1077917484	1	2	2	5	0	0	1	0	0	0	0	0	0	0	0	1	0	0	0	0	0	0	0	0	0	1	0	0	0	0	0	0	0	0	0	0	0	0	0	0	0	0	0	0	0	0	0	0	0	1
1077625690	1	2	2	5	0	1	0	0	0	0	0	0	0	1	0	0	1	0	0	0	0	0	0	0	0	0	0	1	0	0	0	0	0	0	0	0	0	0	0	0	0	1	0	0	0	0	1	0	0	0
1077529479	1	2	2	5	1	0	0	1	0	0	1	0	0	1	0	0	1	0	1	0	0	0	0	0	0	0	1	0	0	1	0	0	1	0	1	0	1	1	1	0	0	0	0	0	0	0	0	0	1	0
1077439928	1	2	2	5	0	0	1	0	0	0	1	1	1	0	0	0	1	1	1	0	0	0	0	0	0	1	0	0	0	0	0	0	0	0	0	0	0	0	0	0	0	0	0	1	0	1	1	0	0	0
1077430322	1	2	2	5	0	0	0	0	0	0	1	0	0	0	0	1	1	1	1	0	0	0	1	0	0	1	0	0	0	0	0	0	0	0	0	0	0	0	0	1	0	0	0	0	0	0	0	0	0	0
1077424136	1	2	2	5	0	0	0	0	0	0	1	0	0	0	0	0	1	0	0	0	0	0	0	0	0	0	0	0	0	0	0	0	0	0	0	0	0	0	0	0	0	0	0	0	0	0	0	0	0	0
1077418953	1	2	2	5	1	0	1	0	0	0	0	0	0	0	0	0	1	0	0	0	0	0	0	0	0	0	0	0	0	0	0	0	0	1	0	0	0	1	0	1	0	0	0	0	0	0	0	0	0	0
1077408651	1	2	2	5	1	1	0	0	0	0	0	0	0	1	0	1	1	1	0	0	0	0	0	1	0	0	0	0	0	0	0	0	1	1	0	0	0	0	0	0	1	0	0	0	1	1	1	0	0	0
1077394575	1	2	2	5	1	1	0	0	1	1	0	0	0	1	0	0	1	0	1	1	0	1	1	0	0	1	0	1	0	0	0	0	0	1	0	0	1	1	1	1	0	0	0	0	0	0	0	0	0	0
1077394309	1	2	2	5	1	1	0	0	0	0	0	0	0	1	0	0	1	1	1	0	0	0	0	0	0	1	0	0	0	0	0	1	1	1	0	0	0	1	0	1	1	1	0	0	0	0	0	0	1	0
1077390922	1	2	2	5	0	0	0	0	0	0	0	0	0	1	0	0	1	0	0	1	0	0	0	0	0	0	0	0	0	1	0	0	0	0	0	0	0	0	0	0	1	0	0	0	0	0	0	0	0	1
1077389484	1	2	2	5	1	1	0	0	1	0	0	0	0	0	0	0	1	0	0	0	0	0	1	0	0	0	0	0	1	0	1	0	0	0	0	0	0	1	0	0	0	0	0	0	0	0	0	0	0	0
1077389113	1	2	2	5	1	1	0	0	0	0	0	0	0	0	0	0	0	1	1	0	0	0	0	0	0	0	0	0	0	0	0	0	0	0	1	0	1	0	0	0	0	1	0	1	0	0	0	0	1	0
1075907474	1	2	2	5	0	0	1	0	0	0	0	0	0	1	0	0	1	1	0	1	0	0	0	0	0	1	1	0	0	0	0	0	0	1	0	0	0	1	0	0	1	0	0	0	0	0	1	0	0	0
1075893264	1	2	2	5	0	0	0	1	0	0	0	0	0	0	0	0	0	0	0	0	0	1	0	0	0	0	0	0	0	0	1	1	0	1	0	0	1	0	0	0	0	0	0	0	0	0	0	1	0	0
1075884095	1	2	2	5	1	0	0	0	0	0	0	0	1	1	0	1	0	1	1	0	0	0	0	1	0	1	0	0	0	0	0	0	0	0	0	0	0	1	0	0	0	0	0	0	0	0	0	0	0	0
1075824386	1	2	2	5	1	1	1	1	1	1	0	1	1	1	1	0	1	0	0	0	0	0	1	0	0	1	0	0	0	1	0	0	0	1	0	0	0	1	1	0	0	0	0	1	1	0	0	1	0	0
1075806640	1	2	2	5	1	1	1	0	1	1	0	1	0	1	1	0	1	1	1	1	0	1	1	0	1	1	1	1	1	1	1	1	1	1	0	0	1	0	1	1	1	0	1	0	0	0	1	0	0	1
1075804112	1	2	2	5	0	0	0	0	0	0	0	0	0	0	0	0	0	0	0	0	1	0	0	0	0	0	0	0	0	0	0	0	0	0	0	0	0	0	0	0	0	0	0	0	0	0	0	0	0	0
1075212947	1	2	2	5	0	1	1	0	0	1	0	0	0	0	1	0	1	0	0	1	0	0	0	0	0	0	0	1	0	0	0	0	0	1	0	0	0	1	0	1	1	0	0	0	0	0	1	0	0	1
1074907098	1	2	2	5	1	0	0	0	0	0	0	0	0	0	1	1	0	0	0	0	0	0	0	0	0	1	1	1	0	0	0	0	0	0	0	0	0	0	0	0	1	0	0	0	0	0	1	0	0	1
1074833843	1	2	2	5	1	0	0	0	0	0	0	0	0	0	0	0	0	0	0	1	0	0	0	0	0	0	0	0	0	0	0	0	0	1	0	0	0	1	0	0	0	0	0	0	0	0	0	1	0	0
1074790032	1	2	2	5	0	0	1	0	0	0	1	0	1	1	0	1	0	1	1	0	0	0	1	1	0	1	1	1	0	1	0	0	0	1	0	1	0	0	0	1	1	1	0	0	0	0	1	0	1	1
1074774490	1	2	2	5	0	0	1	0	0	0	0	0	1	1	0	0	1	1	1	0	0	1	0	1	0	1	0	0	0	1	1	0	0	1	0	1	0	1	0	1	0	0	0	1	1	0	1	0	1	1
1074766071	1	2	2	5	0	0	0	0	0	0	0	0	0	1	0	0	1	0	1	0	0	0	0	0	0	0	0	1	0	0	0	0	1	0	0	0	0	0	0	1	0	0	0	0	0	0	1	0	0	0
1074745879	1	2	2	5	1	1	0	1	1	1	0	1	1	0	1	0	1	1	0	1	0	1	1	0	0	0	1	1	1	1	1	0	0	1	0	0	1	1	1	0	0	0	0	0	1	1	1	1	1	1
1074724223	1	2	2	5	0	0	0	0	0	0	1	0	0	0	0	0	1	0	0	0	0	0	0	0	0	0	0	0	0	0	0	0	0	0	0	0	0	0	0	0	0	1	0	0	0	0	0	0	0	0
1074722521	1	2	2	5	0	1	0	0	0	0	1	0	0	1	0	0	1	0	1	0	0	0	0	0	0	0	0	1	0	0	0	0	1	0	0	0	0	0	0	0	0	0	0	0	0	0	1	0	0	1
1074721822	1	2	2	5	0	1	1	0	1	1	1	1	1	1	1	1	1	1	1	1	0	0	1	1	0	1	1	1	0	1	0	1	1	0	0	1	0	0	1	1	1	0	0	1	1	1	1	0	1	1
1074721740	1	2	2	5	1	0	0	0	0	0	0	0	0	1	1	1	1	1	1	0	0	0	0	0	0	0	0	0	0	0	0	0	0	1	0	0	0	1	0	0	0	0	0	0	0	0	0	0	0	0
1074720319	1	2	2	5	0	0	0	0	0	0	1	0	0	0	0	0	0	0	0	0	0	0	1	0	0	0	0	0	0	0	0	0	0	0	0	0	0	0	0	0	0	0	0	0	0	0	0	0	0	0
1074719161	1	2	2	5	0	1	1	0	1	1	0	0	0	0	0	0	1	0	1	0	0	0	0	1	1	1	1	1	1	0	0	1	1	0	0	0	0	0	0	1	1	0	1	0	0	0	1	0	1	1
1074718667	1	2	2	5	1	1	1	0	0	1	0	0	0	0	0	0	1	1	1	0	0	0	0	1	0	1	1	1	0	0	0	1	0	0	0	0	0	0	1	1	0	0	0	0	0	0	0	0	0	1
1074717592	1	2	2	5	0	0	0	0	0	0	0	1	0	1	1	1	1	1	1	0	0	0	1	1	0	1	0	0	0	0	0	1	0	1	0	0	0	0	0	0	1	0	0	0	0	0	1	0	0	0
1074716207	1	2	2	5	0	0	0	0	0	0	0	0	0	0	0	0	1	0	0	0	0	1	0	0	0	0	0	0	0	0	0	0	1	1	0	0	0	1	0	0	0	0	0	0	0	0	0	0	0	0
1074711448	1	2	2	5	1	0	1	0	0	0	1	0	1	1	1	1	1	1	1	0	0	0	0	0	0	1	0	0	0	0	0	1	1	1	0	1	0	1	0	0	0	1	0	0	1	0	0	0	0	0
1074711286	1	2	2	5	0	0	0	0	0	0	0	0	0	0	0	0	1	0	0	0	0	0	0	0	0	0	0	0	0	0	0	0	0	0	0	0	0	0	0	0	0	0	0	0	0	0	0	0	0	0
1092881726	1	2	2	5	0	0	0	1	1	0	0	1	0	0	0	0	1	0	0	1	0	1	0	0	0	0	0	1	0	0	0	1	0	1	0	0	0	1	1	0	0	0	0	0	0	0	0	1	0	1
1089234376	1	2	2	5	0	0	1	0	0	1	0	1	1	1	1	1	1	1	1	1	0	1	0	0	1	1	1	1	1	1	0	1	1	1	0	0	0	1	1	1	1	1	1	0	1	0	1	0	1	0
1086412353	1	2	2	5	0	0	0	0	0	0	0	1	0	1	0	0	1	1	1	0	0	0	0	0	0	1	0	0	0	0	0	0	1	1	0	0	0	1	0	0	0	0	0	0	1	0	0	0	0	0
1085784478	1	2	2	5	0	0	0	0	1	0	1	1	1	0	0	1	1	1	0	0	0	0	0	1	0	1	0	0	0	0	0	1	1	0	0	0	0	1	1	0	0	0	0	1	1	0	0	0	1	0
1085494306	1	2	2	5	0	0	0	1	0	0	0	0	0	0	1	0	1	0	0	0	0	1	0	0	0	0	0	0	0	0	0	0	0	0	1	0	0	0	0	0	0	0	0	0	0	0	0	0	0	0
1084141141	1	2	2	5	0	0	0	0	1	0	0	0	1	1	0	0	1	1	1	0	0	1	0	0	0	0	0	0	0	1	0	1	1	0	0	0	0	1	1	0	0	0	0	0	0	0	0	0	0	1
1083053743	1	2	2	5	1	0	1	0	0	0	0	1	1	1	1	1	1	1	1	1	0	0	0	1	0	1	1	0	0	0	0	1	1	1	0	0	0	1	1	1	1	0	0	0	0	1	1	0	0	1
1083048836	1	2	2	5	0	1	0	0	1	0	1	0	0	0	1	0	1	1	1	0	0	1	0	0	1	1	0	0	1	0	0	0	0	0	0	0	0	0	0	1	0	0	1	0	1	0	0	0	0	0
1082631119	1	2	2	5	1	1	0	1	0	1	0	1	0	0	0	0	1	0	0	1	0	1	1	0	0	0	0	0	0	0	0	0	0	0	0	0	0	0	0	0	0	0	0	0	0	0	0	0	0	1
1082142091	1	2	2	5	0	0	0	1	1	0	1	1	1	1	0	0	1	0	1	1	0	1	0	0	1	0	0	0	0	0	1	1	0	0	0	0	1	0	1	0	0	0	0	0	0	0	0	1	0	0
1081453054	1	2	2	5	0	0	0	1	0	0	1	0	0	1	0	0	1	0	1	0	0	0	0	0	0	0	0	0	0	0	0	1	0	1	0	0	0	1	1	0	0	0	0	0	0	0	0	1	0	0
1081444147	1	2	2	5	0	1	1	0	0	0	1	0	0	1	1	1	1	1	1	1	0	0	0	0	0	1	0	0	0	0	0	0	0	0	0	1	0	0	1	1	1	1	0	1	1	0	1	0	0	1
1081291244	1	2	2	5	0	0	0	0	0	0	0	0	0	1	0	0	1	0	0	0	0	0	0	1	0	1	0	0	0	0	0	1	0	0	0	0	0	0	0	0	0	0	0	0	0	0	0	0	0	0
1081242456	1	2	2	5	0	0	1	0	0	0	0	0	0	1	0	0	1	0	0	0	0	0	0	0	0	0	0	0	0	0	0	0	0	1	0	0	0	0	0	1	0	0	0	0	1	0	0	0	0	0
1080831918	1	2	2	5	0	1	0	1	0	1	1	0	0	0	0	0	1	0	0	1	0	0	0	0	0	0	0	1	0	0	0	0	0	0	0	0	1	1	0	0	0	0	0	0	0	0	1	1	0	1
1080148486	1	2	2	5	1	0	1	1	0	0	0	1	0	1	0	1	1	1	1	0	0	0	0	0	0	1	1	0	0	0	0	1	0	0	0	0	0	1	1	1	0	0	0	0	0	0	0	1	0	0
1079236674	1	2	2	5	0	1	0	1	1	0	0	1	1	1	0	0	1	1	1	1	0	0	0	0	0	1	0	0	0	1	0	0	0	1	0	0	0	1	1	0	0	0	0	0	0	0	0	1	1	1
1079184026	1	2	2	5	0	0	0	1	0	0	1	0	0	1	1	0	0	0	1	0	0	0	0	0	0	0	0	0	0	0	0	0	0	0	0	0	0	0	0	0	0	0	0	0	1	0	0	1	0	1
1079049465	1	2	2	5	1	0	0	0	0	1	0	0	0	0	0	0	1	1	1	0	0	0	0	0	0	1	0	0	0	0	0	0	0	1	0	0	0	1	0	0	0	0	0	0	0	0	1	0	0	0
1079047235	1	2	2	5	0	0	1	1	1	0	0	0	0	0	0	0	1	0	0	0	0	0	0	0	0	1	0	0	0	0	0	0	0	0	0	0	0	0	1	0	0	0	0	0	0	0	1	0	0	0
1078530834	1	2	2	5	1	1	1	1	0	0	1	0	0	1	1	0	1	0	1	0	0	0	0	0	0	1	0	1	0	0	0	0	1	0	0	0	0	1	0	1	0	1	0	0	0	0	0	0	0	0
1078340978	1	2	2	5	0	1	0	0	1	1	1	1	0	0	1	0	1	1	0	1	0	1	1	0	1	0	0	0	1	1	0	0	0	0	0	0	1	1	1	0	0	0	1	0	0	0	0	0	1	1
1078193984	1	2	2	5	0	0	1	1	0	0	0	0	0	0	0	0	1	0	1	0	0	0	0	0	0	0	0	0	0	0	0	1	0	0	0	0	0	0	0	0	0	0	0	0	0	0	0	1	0	0
1078173721	1	2	2	5	0	0	0	1	0	0	0	1	0	0	0	0	1	0	0	0	0	0	0	0	0	0	0	0	0	0	0	0	0	1	0	0	0	0	0	0	0	0	0	0	0	0	0	1	0	0
1078104550	1	2	2	5	0	0	0	0	0	0	1	0	0	0	0	0	1	1	0	0	0	0	0	0	0	0	0	0	0	0	0	1	1	1	0	0	0	0	1	0	0	0	0	0	0	0	0	0	0	0
1077603496	1	2	2	5	0	1	0	0	0	0	1	0	0	1	0	0	1	1	1	1	0	0	0	0	0	0	0	0	0	0	0	0	0	0	0	0	0	1	1	1	0	0	0	0	0	0	0	0	0	0
1077192540	1	2	2	5	0	0	0	0	0	0	0	1	0	0	0	0	1	0	0	0	0	0	0	0	0	0	0	0	0	0	0	0	0	0	0	0	0	1	0	0	0	0	0	0	0	0	0	0	0	0
1074816139	1	2	2	5	0	0	0	1	0	0	0	1	0	0	0	0	1	0	0	0	0	1	0	0	0	0	0	0	0	0	0	0	0	0	0	0	0	1	0	0	0	0	0	0	0	0	0	1	0	0
1074727788	1	2	2	5	0	0	0	1	0	0	0	0	0	0	0	0	0	0	0	0	0	0	0	0	0	1	0	0	0	0	0	0	0	0	0	0	0	0	0	0	0	0	0	0	0	0	0	0	0	0
1074695634	1	2	2	5	0	0	1	0	0	0	0	0	0	1	0	0	1	0	1	0	0	0	0	0	0	1	0	0	0	0	0	1	0	1	0	0	0	0	1	1	0	0	0	0	0	0	0	0	0	0
1073512031	1	2	2	5	0	1	1	0	1	1	1	0	0	0	0	1	1	1	1	0	0	0	0	0	1	1	0	0	1	0	0	0	0	0	0	1	0	1	1	1	0	0	1	0	1	0	0	0	0	0
1073493859	1	2	2	5	0	0	1	0	1	0	0	1	1	1	1	1	1	1	1	1	0	0	0	1	0	1	1	0	0	0	0	1	0	0	0	0	0	1	1	0	0	0	0	0	0	0	1	0	0	1
1072568735	1	2	2	5	0	0	0	1	0	0	1	0	0	1	0	0	1	1	0	1	0	1	0	0	0	0	0	0	0	1	0	0	0	1	0	0	0	0	1	0	0	0	0	0	0	0	0	1	0	0
1072386172	1	2	2	5	0	0	0	0	0	0	0	0	1	1	0	0	1	1	1	0	0	0	0	1	0	1	0	0	0	0	0	1	0	0	0	0	0	1	0	0	0	0	0	0	0	0	0	0	0	0
1072337452	1	2	2	5	0	0	1	0	0	0	1	0	0	1	0	0	1	0	0	0	0	1	0	0	0	0	1	0	0	0	0	1	0	0	0	0	0	1	0	0	0	0	0	1	0	0	0	0	1	0
1072311980	1	2	2	5	0	0	0	1	0	0	0	1	0	1	0	0	1	0	0	0	0	1	0	0	0	0	0	0	0	0	0	0	1	0	0	0	0	0	1	0	0	0	0	0	0	0	0	0	0	1
1072300567	1	2	2	5	0	0	0	1	0	0	0	0	0	1	0	0	1	0	0	0	0	1	0	0	0	0	0	0	0	1	0	0	0	0	0	0	0	0	1	0	0	0	0	0	0	0	0	1	0	0
1072289332	1	2	2	5	0	0	0	1	1	0	1	1	0	1	0	0	1	0	0	1	0	1	1	0	0	0	0	0	0	1	0	0	0	1	0	0	1	0	0	0	0	0	0	0	0	0	0	1	0	0
1072253249	1	2	2	5	0	0	0	0	0	0	0	0	0	1	1	0	0	0	1	1	0	0	1	0	0	1	1	0	0	1	0	0	0	0	0	0	0	0	0	0	0	1	0	0	1	0	0	0	0	0
1072251140	1	2	2	5	1	1	1	1	0	0	1	1	0	1	0	1	1	0	0	0	0	0	0	0	0	0	0	0	0	1	0	1	1	0	0	0	0	1	0	0	0	0	0	0	0	0	0	0	0	0
1072242563	1	2	2	5	0	0	0	1	0	0	0	0	0	1	0	0	1	1	1	0	0	1	0	0	0	1	0	0	0	1	1	0	0	1	0	0	1	1	1	0	0	0	0	0	0	0	0	1	0	0
1072237550	1	2	2	5	1	0	1	1	1	0	1	1	1	1	0	0	1	0	1	1	0	0	0	0	0	0	0	0	0	0	0	0	0	1	0	0	0	1	0	0	0	0	0	0	0	0	0	1	0	0
1072233560	1	2	2	5	1	1	0	0	0	0	0	0	0	0	0	0	1	0	0	0	0	0	0	0	0	1	0	0	0	0	0	0	0	0	0	0	0	0	0	0	0	0	0	0	1	0	0	0	0	0
1070973976	1	2	2	5	1	1	0	0	1	1	0	0	0	0	1	0	1	0	0	0	0	1	0	0	0	1	1	0	0	0	0	0	1	0	0	0	1	1	0	1	0	1	0	0	0	0	1	0	1	0
1069525581	1	2	2	5	0	0	0	0	0	0	1	0	0	0	0	0	1	0	0	0	0	0	0	0	0	0	0	0	0	0	0	0	0	0	0	0	0	0	0	0	0	0	0	0	1	0	0	0	0	0
1069084804	1	2	2	5	0	0	0	0	0	0	1	0	0	0	0	0	1	0	0	0	0	0	0	1	0	0	0	0	0	0	0	0	0	1	0	0	0	1	0	0	0	1	0	0	0	0	0	0	0	0
1067589235	1	2	2	5	0	0	0	0	0	0	0	0	0	0	0	0	1	0	0	0	1	0	1	0	0	0	0	0	0	1	0	0	0	1	0	0	0	0	0	0	0	0	0	0	0	0	0	0	0	0
1067581954	1	2	2	5	1	1	1	1	1	0	1	1	0	1	1	1	1	1	1	1	0	0	0	1	0	1	0	1	0	0	0	0	1	0	0	0	0	1	1	0	0	0	0	0	1	0	0	1	0	0
1067193342	1	2	2	5	0	0	0	0	0	0	0	1	0	1	0	0	1	0	1	0	0	0	0	0	1	0	0	0	0	0	0	0	0	1	0	0	0	1	1	0	0	0	1	0	0	0	1	0	1	0
1067061426	1	2	2	5	0	1	1	0	1	0	0	0	0	1	1	0	1	0	1	0	0	1	1	1	1	1	1	0	1	1	1	0	0	1	0	1	1	0	0	0	0	1	1	1	1	1	0	0	0	1
1067017075	1	2	2	5	0	0	0	1	0	0	0	1	0	1	1	0	1	1	1	1	0	0	1	0	0	1	0	0	0	1	0	1	1	1	0	0	0	1	1	1	0	0	0	0	0	0	0	1	0	0
1066774956	1	2	2	5	0	0	0	1	1	0	0	1	0	0	0	0	1	0	0	0	0	0	0	0	0	0	0	0	0	0	0	0	0	0	0	0	0	1	1	0	0	0	0	0	0	0	0	1	1	1
1066563943	1	2	2	5	0	0	0	1	0	0	0	1	0	1	0	0	1	1	0	0	0	0	0	0	0	1	0	0	0	0	0	0	1	0	0	0	0	0	1	0	0	0	0	0	0	0	0	1	0	0
1066553391	1	2	2	5	0	0	0	0	0	0	0	0	0	0	0	0	1	1	0	0	0	0	0	0	0	0	0	0	0	0	0	0	0	1	0	0	0	1	0	0	0	0	0	0	0	0	0	0	0	0
1066490946	1	2	2	5	0	0	0	0	0	0	1	0	0	0	0	0	1	1	1	0	0	0	0	0	0	0	1	0	0	0	0	0	0	0	0	0	0	1	1	0	0	0	0	0	0	0	0	0	1	0
1066432112	1	2	2	5	0	0	0	1	1	0	1	1	0	1	0	0	1	1	1	0	0	1	0	0	0	0	0	0	0	1	1	0	1	0	0	1	0	1	1	0	0	0	0	0	0	0	1	0	1	0
1066343063	1	2	2	5	0	0	0	0	0	0	1	0	0	1	0	0	1	1	0	0	0	0	0	0	0	0	0	0	0	1	0	0	0	0	0	0	0	1	0	0	0	0	0	0	0	0	0	0	0	0
1066337507	1	2	2	5	0	1	0	1	1	0	0	0	0	1	1	0	1	1	1	1	0	1	1	0	1	1	0	0	0	1	1	0	0	1	0	1	1	1	1	1	0	0	0	0	0	0	0	1	1	0
1066301563	1	2	2	5	0	1	1	0	1	1	1	1	1	1	1	1	1	1	1	1	0	1	1	1	0	1	1	0	0	0	0	1	1	0	0	1	0	1	1	1	1	1	0	0	0	0	1	0	1	0
1066273365	1	2	2	5	0	0	0	1	0	0	1	1	0	0	0	0	1	0	0	0	0	0	0	0	0	0	0	0	0	0	0	0	0	1	0	0	0	1	0	0	0	0	0	0	0	0	0	0	0	0
1066269304	1	2	2	5	0	0	1	1	0	0	0	1	0	1	0	0	1	0	0	0	0	1	0	0	0	1	0	0	0	0	0	0	0	0	1	0	0	1	1	0	0	0	0	0	0	0	0	1	0	0
1066179795	1	2	2	5	0	0	1	1	1	0	0	0	0	0	1	0	1	0	0	1	0	0	0	0	1	1	0	0	0	1	0	0	0	1	0	0	0	1	0	0	0	0	1	0	0	0	0	1	1	0
1065077758	1	2	2	5	0	0	0	0	0	0	1	0	0	0	0	0	0	0	0	0	0	0	0	0	0	0	0	0	0	0	0	0	0	0	0	0	0	0	0	0	0	1	1	0	0	0	0	0	0	0
1064704484	1	2	2	5	0	1	0	0	0	0	0	0	0	1	0	1	1	1	1	0	0	0	0	1	0	0	0	0	0	0	0	0	0	0	0	1	0	1	1	0	0	1	0	0	0	0	0	0	1	0
1064454751	1	2	2	5	0	0	1	0	0	0	0	0	0	1	0	0	1	0	1	1	0	1	0	0	0	1	0	0	0	0	0	0	0	1	0	0	0	1	1	1	0	0	0	0	0	0	0	0	0	0
1064432821	1	2	2	5	0	0	0	1	0	0	0	1	0	1	0	0	1	0	0	0	0	1	0	0	0	0	0	0	0	0	0	0	0	0	0	0	0	0	1	0	0	0	0	0	0	0	0	1	0	0
1064424687	1	2	2	5	0	0	0	1	0	0	0	1	0	0	0	0	1	0	1	0	0	1	0	0	0	0	0	0	0	0	0	0	0	1	0	0	1	0	1	0	0	0	0	0	0	0	0	1	0	0
1064419894	1	2	2	5	0	1	0	1	1	0	0	1	0	1	0	0	1	0	1	0	0	0	1	0	0	0	0	0	0	1	0	0	0	0	0	0	0	0	1	0	0	0	0	0	0	0	0	1	1	0
1064417652	1	2	2	5	0	0	0	1	0	0	1	1	0	0	0	0	1	0	0	0	0	1	0	0	0	0	0	0	0	0	0	0	0	0	0	0	0	0	0	0	0	1	0	0	0	0	0	1	0	0
1064410458	1	2	2	5	0	0	0	1	0	0	1	1	0	1	1	0	1	0	1	1	0	0	0	0	0	0	0	0	0	0	0	1	0	0	0	0	0	0	1	0	1	0	0	1	0	0	0	0	1	1
1064375016	1	2	2	5	0	0	0	0	0	0	0	0	0	1	0	0	1	0	0	0	0	1	0	0	0	1	0	0	0	1	0	0	0	0	0	0	0	0	0	0	0	0	0	0	0	0	0	0	0	0
1064373764	1	2	2	5	0	0	0	1	0	0	0	0	0	1	0	0	1	0	1	1	0	1	0	0	0	0	0	0	0	1	0	0	0	0	0	0	0	0	1	1	0	0	0	0	0	0	0	1	0	0
1064372149	1	2	2	5	1	1	0	0	0	0	0	0	0	0	0	0	1	0	0	0	0	0	0	0	1	0	0	0	1	0	0	0	0	0	0	0	0	0	0	0	0	0	1	0	0	0	0	0	0	0
1064355679	1	2	2	5	0	0	0	1	0	0	0	1	1	1	0	1	1	1	1	0	0	1	0	0	0	0	0	0	0	0	0	1	1	0	0	0	0	1	1	0	0	1	0	0	0	0	0	1	1	0
1064326748	1	2	2	5	0	0	0	0	0	0	0	0	0	0	0	0	1	1	1	0	0	0	0	0	0	1	0	0	0	0	0	0	0	0	0	0	0	0	1	1	0	0	0	0	0	0	0	0	0	0
1064282576	1	2	2	5	1	0	1	0	0	0	1	0	0	1	0	0	1	1	1	1	0	1	0	1	0	0	0	0	0	1	0	0	1	1	0	0	0	1	1	0	0	0	0	0	1	0	1	1	1	1
1062494221	1	2	2	5	1	0	0	0	0	0	0	0	0	1	0	0	1	0	1	0	0	0	1	0	0	0	0	0	0	1	0	0	1	0	0	0	0	0	0	0	0	1	0	1	0	0	0	0	0	0
1149525119	1	2	2	5	0	0	0	0	0	0	0	0	0	0	1	0	1	1	1	1	0	0	0	0	0	1	0	0	0	0	0	1	1	0	0	0	0	0	0	1	1	0	0	0	0	0	0	0	1	0
1090170643	1	2	2	5	0	0	0	0	0	0	1	0	1	1	1	1	0	1	1	1	0	1	1	1	0	0	1	0	0	0	0	1	1	0	0	1	0	0	1	1	1	1	0	0	0	0	1	0	1	1
1088086513	1	2	2	5	0	0	1	1	0	0	1	0	1	1	1	0	1	1	1	0	0	0	0	0	0	1	1	1	0	0	0	1	1	1	0	1	0	1	1	1	1	1	0	0	0	1	1	0	0	0
1086363287	1	2	2	5	0	1	1	0	0	0	1	0	1	1	1	1	1	1	1	1	0	0	0	1	1	1	1	0	0	0	0	1	0	0	0	0	0	0	0	0	1	1	1	0	0	0	1	0	0	1
1079077152	1	2	2	5	0	0	1	1	1	0	0	1	0	1	1	0	1	1	1	1	0	0	1	0	0	1	0	0	0	1	0	1	0	0	0	1	0	0	1	1	0	0	0	1	1	1	0	1	1	1
1074654267	1	2	2	5	0	0	1	0	0	0	1	0	1	0	0	0	1	0	0	0	0	0	0	0	0	0	0	0	0	0	0	0	0	0	0	1	0	1	1	0	0	1	0	0	0	0	0	0	1	0
1060748266	1	2	2	5	1	1	1	0	0	1	0	0	1	0	1	1	1	1	1	1	0	0	0	0	0	0	0	0	0	0	0	1	1	0	0	0	0	0	1	1	1	0	0	0	1	0	1	0	0	1
1051183787	1	2	2	5	1	0	0	1	0	0	0	0	0	1	0	0	1	0	1	1	0	1	1	0	0	0	0	0	0	1	0	0	0	1	1	0	0	1	1	0	1	0	0	0	0	0	0	1	0	1
1049795524	1	2	2	5	1	0	0	0	0	0	0	0	1	1	0	0	1	0	0	0	0	0	0	0	0	0	0	0	0	0	0	0	0	0	0	0	0	0	0	1	0	0	0	0	0	0	0	0	0	0
1077999931	1	2	2	5	0	0	0	1	0	0	0	1	1	1	0	0	1	1	1	0	0	0	0	1	1	0	0	0	0	0	0	0	0	1	0	1	0	1	1	1	0	0	1	0	0	0	0	0	0	0
1082646494	1	2	3	6	0	0	0	0	0	0	1	0	0	1	1	1	1	1	0	1	0	1	0	1	0	1	1	0	0	0	0	1	0	0	0	1	0	0	1	1	1	1	0	1	0	0	1	0	1	1
1082643726	1	2	3	6	0	0	1	0	0	1	1	0	1	1	1	1	1	1	0	1	1	0	0	0	0	1	0	0	0	0	0	1	1	0	0	0	0	0	0	0	0	0	0	0	0	0	0	0	0	1
1082638937	1	2	3	6	0	0	1	1	0	0	1	1	1	1	1	1	1	1	1	1	0	1	0	1	0	1	0	0	0	0	0	1	1	1	0	1	1	0	1	1	1	1	0	1	0	1	1	1	1	1
1082636056	1	2	3	6	0	0	1	1	1	0	1	1	1	1	0	0	1	1	1	0	0	1	0	0	0	1	1	0	0	0	0	1	1	1	0	1	1	1	1	1	1	1	0	0	0	0	1	1	1	1
1071138262	1	2	3	6	0	0	0	1	0	0	0	0	0	1	0	0	0	0	1	0	0	0	0	0	0	0	0	0	0	1	1	1	0	0	0	0	1	0	0	0	0	0	0	0	0	0	0	0	0	0
1063033162	1	2	3	6	1	1	1	0	1	1	0	1	1	1	1	1	1	1	1	1	0	1	1	0	1	1	1	1	1	1	1	1	1	1	0	0	1	1	1	1	1	1	1	0	1	1	1	0	1	1
1061251325	1	2	3	6	0	1	1	1	1	0	0	1	0	1	0	0	1	0	1	0	0	1	0	0	0	0	0	0	1	0	0	0	0	0	0	0	0	0	1	0	0	0	0	0	0	0	0	1	1	1
1053529468	1	2	3	6	0	0	1	1	0	0	1	1	0	1	1	1	1	1	1	1	0	1	1	1	1	1	1	0	0	1	1	1	1	1	0	1	0	1	1	1	1	1	1	1	1	0	1	1	1	1
1053363066	1	2	3	6	1	0	0	1	0	0	1	0	0	0	0	0	1	0	0	1	0	1	1	0	0	0	0	0	0	1	0	0	0	1	0	0	1	0	1	0	0	1	0	0	0	0	0	1	0	0
1051565374	1	2	3	6	0	0	1	1	0	0	1	1	0	1	1	0	1	1	1	0	0	0	0	1	0	0	0	0	0	0	0	0	0	0	0	0	0	0	1	0	0	0	0	0	0	0	0	0	0	0
1047634714	1	2	3	6	0	0	1	0	0	0	1	0	0	0	1	1	1	1	1	1	1	0	0	0	0	0	0	0	0	0	0	0	0	1	0	0	0	0	1	1	0	0	0	0	0	0	0	0	0	0
1042437179	1	2	3	6	0	0	0	0	1	0	1	0	0	0	0	0	1	0	0	0	0	0	0	0	0	0	0	0	0	0	0	0	0	1	0	0	0	1	0	0	0	0	0	0	0	0	0	0	0	0
1042243265	1	2	3	6	0	1	1	0	0	0	0	0	0	1	1	1	1	1	1	1	1	1	1	0	0	1	0	0	0	1	0	1	1	0	1	0	0	0	1	1	0	1	0	1	1	1	0	0	0	0
1094430988	1	2	3	6	1	0	1	0	0	0	0	0	0	1	0	0	1	0	0	0	0	0	1	0	0	0	0	0	0	0	0	0	0	1	0	0	0	1	0	0	0	0	0	0	0	0	0	0	0	1
1094418972	1	2	3	6	1	0	0	0	0	0	0	0	0	1	0	0	1	0	0	1	0	0	0	0	0	1	0	1	0	0	0	1	0	0	0	0	0	0	0	1	1	1	0	0	0	0	1	0	0	0
1090005114	1	2	3	6	0	0	0	0	1	0	0	1	0	0	0	0	0	0	1	0	0	0	1	0	0	0	0	0	0	1	0	0	0	0	0	0	0	1	0	0	0	0	0	0	0	0	0	0	0	1
1085221114	1	2	3	6	1	0	0	0	0	0	0	0	0	0	0	0	1	0	0	0	0	0	0	0	0	0	0	0	0	0	0	0	0	0	0	0	0	1	0	0	0	0	0	0	0	0	0	0	0	0
1084362452	1	2	3	6	0	0	1	0	0	0	0	0	0	1	1	0	1	0	1	0	0	1	1	0	0	1	0	1	0	1	1	0	0	0	0	0	0	1	1	0	0	1	0	0	0	0	0	0	0	0
1084197517	1	2	3	6	0	0	0	0	0	0	0	0	0	0	0	0	1	0	0	0	0	0	0	0	0	0	0	0	0	0	0	0	0	0	0	0	0	0	0	0	0	0	0	0	0	0	0	0	1	1
1084190391	1	2	3	6	0	0	0	0	0	0	0	0	0	0	0	0	0	0	0	0	0	0	0	0	0	0	0	0	0	0	0	0	0	1	0	0	0	0	0	0	0	0	0	0	0	0	1	0	1	0
1084152391	1	2	3	6	0	0	1	0	0	0	1	1	1	1	0	1	1	0	1	0	0	0	0	0	0	0	0	1	0	1	0	0	1	0	0	0	0	0	0	1	0	1	0	0	0	0	0	0	1	0
1084147384	1	2	3	6	0	1	0	0	0	0	0	0	0	1	0	1	1	1	1	0	0	0	0	1	0	0	0	0	0	0	0	0	0	1	0	1	0	1	1	1	0	0	0	0	0	0	0	0	0	1
1084145442	1	2	3	6	0	0	0	1	0	0	0	1	0	0	0	0	0	0	0	0	0	1	1	1	0	0	0	0	0	0	0	0	0	1	0	0	0	0	0	0	0	0	0	0	0	0	0	0	0	0
1083170333	1	2	3	6	0	0	0	0	0	0	0	0	0	0	0	0	0	0	1	0	0	0	1	0	0	0	0	0	0	1	0	0	0	1	0	0	0	0	0	0	0	0	0	0	0	0	0	0	0	1
1083151945	1	2	3	6	1	0	0	0	0	0	1	0	0	1	0	0	1	0	1	0	0	0	0	0	0	0	0	0	0	0	0	1	0	0	0	0	1	0	0	0	0	0	0	0	1	0	0	0	0	0
1083147741	1	2	3	6	0	0	1	0	0	0	1	0	1	1	1	1	0	0	0	1	0	0	0	1	0	1	0	1	0	0	0	0	0	1	0	0	0	1	0	1	0	1	0	1	0	0	0	0	0	1
1083098358	1	2	3	6	0	0	0	0	0	0	0	0	1	1	1	0	1	0	1	0	0	0	0	0	0	1	0	0	0	0	0	0	0	0	0	0	0	0	0	0	0	0	1	0	0	0	0	0	0	0
1081507368	1	2	3	6	0	0	0	0	0	0	1	0	0	0	0	0	0	0	0	0	0	0	0	0	0	0	0	0	0	0	0	0	0	0	0	0	0	0	0	0	0	0	0	0	0	0	0	0	0	0
1079038120	1	2	3	6	0	0	0	0	0	0	0	0	0	0	0	0	0	0	1	0	0	0	1	0	0	0	0	0	0	1	0	0	0	1	0	0	0	0	0	0	0	0	0	0	0	0	0	0	0	0
1078615684	1	2	3	6	0	1	0	1	0	0	1	0	0	0	0	0	1	0	0	0	0	0	0	0	0	0	0	0	0	0	0	0	0	1	0	0	0	1	1	0	0	0	0	0	0	0	0	1	0	0
1078027097	1	2	3	6	0	0	0	0	0	0	1	0	0	1	0	1	0	0	1	0	0	0	0	0	0	0	0	0	0	0	0	0	0	1	0	0	0	0	0	0	0	0	0	0	0	0	0	0	0	1
1077959779	1	2	3	6	1	1	0	0	0	1	0	0	0	0	1	0	1	1	0	0	0	0	0	1	0	1	0	1	0	0	0	0	0	0	0	0	0	0	0	1	1	0	0	0	0	0	1	0	0	1
1077950063	1	2	3	6	0	0	0	0	0	0	1	0	0	0	0	0	0	0	0	0	0	0	0	0	0	0	0	0	0	0	0	0	0	0	0	0	0	0	0	0	0	0	0	0	0	0	0	0	0	0
1077520603	1	2	3	6	0	0	0	0	0	0	1	0	0	1	0	0	0	0	0	0	0	0	0	1	0	0	0	0	0	0	0	0	0	0	0	0	0	0	0	0	0	1	0	0	0	0	0	0	0	0
1077455827	1	2	3	6	0	0	1	1	1	1	0	1	1	1	0	1	1	1	1	1	0	0	0	1	0	1	0	1	0	1	1	0	1	1	0	1	0	0	1	1	0	0	0	1	1	0	1	0	1	0
1077406522	1	2	3	6	0	0	1	0	0	0	1	0	0	0	0	0	1	1	0	0	0	0	0	0	0	0	0	0	0	0	0	0	0	0	0	0	0	0	0	0	0	1	0	0	0	1	0	0	0	0
1074766287	1	2	3	6	0	0	0	0	0	0	0	1	0	1	0	0	1	0	0	0	0	1	0	1	0	1	0	0	0	1	0	0	0	0	0	0	0	0	1	0	0	0	0	0	0	0	0	0	1	1
1074741956	1	2	3	6	0	0	0	0	0	0	0	0	0	0	0	0	0	0	0	0	0	0	1	0	0	1	0	0	0	1	0	0	0	0	0	0	0	0	0	1	0	0	0	0	0	0	0	0	0	0
1074720969	1	2	3	6	1	0	0	0	0	0	0	0	0	1	1	1	0	0	1	0	0	0	0	0	0	1	0	0	0	0	0	0	0	0	0	0	0	0	0	1	0	0	0	0	0	0	0	0	0	0
1074718362	1	2	3	6	0	0	1	0	0	0	0	0	0	0	1	0	0	0	1	0	0	0	0	0	1	0	0	0	0	0	0	0	0	0	0	1	0	0	0	1	0	0	0	0	0	0	0	0	1	0
1074718012	1	2	3	6	0	0	0	0	0	0	1	0	0	0	0	1	0	0	0	0	0	0	0	0	0	0	0	1	0	0	0	0	0	0	0	0	0	0	0	1	0	0	0	0	0	0	1	0	0	0
1074716865	1	2	3	6	0	0	0	0	0	0	0	0	0	0	0	0	0	0	0	0	0	0	0	0	0	0	0	0	0	0	0	0	0	0	0	0	0	0	0	0	0	0	0	0	0	0	0	0	0	0
1151791423	1	2	3	6	0	0	1	0	0	0	0	0	0	1	1	1	1	1	1	0	0	0	1	0	0	1	1	0	0	0	0	0	0	0	0	1	0	1	1	1	1	0	0	0	0	0	1	0	0	0
1096618403	1	2	3	6	1	0	1	0	1	1	1	0	0	1	1	1	1	1	1	0	0	0	0	1	0	1	0	1	0	0	0	1	1	1	0	1	0	1	1	1	0	1	0	0	0	0	1	0	0	0
1085363814	1	2	3	6	1	1	0	0	1	1	1	0	0	1	0	0	1	1	0	1	0	0	0	0	0	0	0	1	1	0	0	1	0	0	0	0	1	1	0	0	0	0	0	0	1	0	1	0	1	1
1085329849	1	2	3	6	0	0	0	0	0	0	0	0	1	1	0	1	0	0	1	0	0	0	0	0	0	1	0	0	0	0	0	1	0	0	0	0	0	0	1	1	0	0	0	0	0	0	0	0	0	1
1085286904	1	2	3	6	1	0	0	0	0	0	0	0	0	1	0	0	1	1	1	0	0	0	0	0	0	0	0	0	0	0	0	1	1	0	1	0	0	0	0	0	0	0	0	0	0	0	0	0	0	0
1084131303	1	2	3	6	1	1	0	1	0	0	0	0	0	0	0	0	0	0	0	0	0	0	0	1	0	0	0	0	0	0	0	0	1	0	0	0	0	1	0	0	0	0	0	0	0	0	0	1	0	0
1082714368	1	2	3	6	1	1	0	1	1	0	1	1	1	1	1	1	1	1	1	1	0	0	1	1	0	0	0	0	0	1	0	1	0	1	0	0	0	1	1	0	0	0	0	0	0	0	1	1	1	1
1080222887	1	2	3	6	1	1	1	1	1	0	1	1	1	1	1	1	1	1	1	1	1	0	0	1	0	0	0	0	0	0	0	0	0	0	0	0	0	0	0	0	0	0	0	0	0	0	0	0	0	0
1079306633	1	2	3	6	0	0	0	1	0	0	0	0	0	0	1	0	1	0	0	0	0	1	0	0	0	0	0	0	0	1	0	0	1	0	0	0	0	1	0	0	0	0	0	0	0	0	0	1	0	1
1079155059	1	2	3	6	0	1	0	0	0	0	0	0	0	1	1	1	1	1	1	0	0	0	1	0	0	1	1	0	0	0	0	0	0	0	0	0	0	1	1	0	0	0	0	0	0	0	0	0	1	0
1079110468	1	2	3	6	0	1	0	1	0	0	1	1	0	0	0	0	1	0	0	0	0	0	0	0	0	0	1	0	0	1	0	0	0	0	0	0	0	0	1	1	0	0	0	0	0	0	0	1	1	0
1079107521	1	2	3	6	0	0	0	1	0	0	1	0	0	1	1	1	1	0	1	0	0	1	1	1	0	0	0	0	0	0	0	0	1	0	0	1	0	1	0	1	0	0	0	0	0	0	0	0	0	0
1079083365	1	2	3	6	0	1	1	0	0	0	1	0	0	1	0	0	1	1	1	1	0	0	0	0	1	0	0	1	0	1	0	1	1	0	0	1	0	1	1	1	0	0	0	0	0	0	1	0	1	0
1079065827	1	2	3	6	0	0	0	0	0	0	1	1	0	1	0	0	1	1	1	0	0	0	0	0	0	1	0	0	0	0	0	0	0	0	0	0	0	1	0	0	0	0	0	0	0	0	0	0	0	0
1079034501	1	2	3	6	0	0	1	0	0	0	1	0	0	0	0	0	1	1	0	0	0	0	0	0	0	0	0	0	0	0	0	1	0	1	0	0	0	1	0	0	0	0	0	0	1	0	0	1	0	0
1078631906	1	2	3	6	0	1	1	1	1	1	0	1	1	0	0	1	1	1	1	1	0	1	1	0	0	1	1	1	0	0	0	0	0	1	0	0	0	1	0	1	0	1	0	0	0	0	1	1	1	1
1078496044	1	2	3	6	0	0	0	0	0	0	1	1	0	0	0	0	0	0	0	0	1	0	0	1	0	0	0	0	0	0	0	0	0	0	0	0	0	0	0	1	0	1	0	0	0	0	0	0	0	0
1078204106	1	2	3	6	1	1	0	0	0	1	0	0	0	0	0	0	1	0	0	0	0	1	0	0	0	0	0	1	1	0	0	0	0	1	0	0	1	0	0	0	0	0	0	0	1	0	1	0	0	1
1078173733	1	2	3	6	0	0	0	0	0	0	0	1	0	1	1	0	1	0	1	0	0	0	0	0	0	0	0	0	0	0	0	0	0	0	0	0	0	1	0	0	0	0	0	0	0	0	0	0	0	0
1074763869	1	2	3	6	0	0	0	0	0	0	0	1	0	0	0	0	0	0	0	1	0	0	0	0	0	0	0	0	0	0	0	0	0	1	0	0	0	0	1	0	0	0	0	0	1	0	0	0	0	0
1074703234	1	2	3	6	0	1	0	1	0	0	0	0	1	1	0	0	1	1	1	0	0	1	0	0	0	0	1	0	0	1	0	0	0	0	1	0	0	0	0	0	1	0	0	0	0	0	0	0	1	0
1073761150	1	2	3	6	0	0	1	0	0	0	0	0	0	1	0	1	1	0	0	0	0	1	0	1	1	0	0	0	0	0	0	0	1	0	0	0	0	1	1	0	0	0	1	1	0	0	0	0	1	0
1073442561	1	2	3	6	0	0	0	0	1	0	0	0	0	1	0	0	1	1	1	1	0	0	1	0	0	1	1	0	0	1	0	1	1	1	0	0	0	0	1	1	0	0	0	0	0	0	1	0	1	1
1072532813	1	2	3	6	1	0	0	0	0	0	0	0	0	0	0	0	1	1	1	1	0	0	0	0	0	1	0	0	0	0	0	0	1	0	0	0	0	1	0	1	0	1	0	0	0	0	0	0	0	1
1072439062	1	2	3	6	0	0	0	0	0	0	0	1	0	1	0	0	0	0	0	0	0	0	1	0	1	1	0	0	0	0	0	0	0	0	0	0	0	1	1	0	0	0	0	0	1	0	0	0	0	0
1072332949	1	2	3	6	0	1	1	0	1	0	1	1	1	1	0	1	1	1	1	1	0	1	1	1	0	1	1	0	0	1	0	1	1	1	0	0	0	1	1	1	1	1	0	0	0	0	1	0	1	1
1072235532	1	2	3	6	0	0	1	1	0	0	0	1	0	1	0	0	1	0	0	0	0	1	0	0	0	1	0	0	0	0	0	1	0	0	0	0	0	1	1	0	0	0	0	1	0	0	0	1	0	0
1072220663	1	2	3	6	1	0	0	0	0	0	0	0	0	1	0	0	1	0	0	0	0	0	0	0	0	0	0	0	0	0	0	1	0	0	0	0	0	0	0	0	0	0	0	0	0	0	0	0	0	0
1070950555	1	2	3	6	0	0	0	0	0	0	0	0	0	0	0	0	0	0	0	0	0	0	0	0	0	0	0	0	0	0	0	0	0	1	0	0	0	1	0	0	0	0	0	0	0	0	0	0	0	0
1069640752	1	2	3	6	0	0	0	1	0	0	0	1	1	1	0	1	1	1	1	1	0	1	1	1	0	1	0	0	0	1	0	0	1	1	0	1	0	1	0	1	0	0	0	1	0	0	1	1	1	1
1069504480	1	2	3	6	0	0	0	0	0	0	1	0	0	0	0	0	1	0	0	0	0	1	0	0	0	0	0	0	0	0	0	0	0	0	0	0	0	0	0	0	0	0	0	0	0	0	0	1	0	0
1069445883	1	2	3	6	0	0	0	0	0	0	1	0	1	0	0	1	0	0	0	0	0	0	0	0	0	0	0	0	0	0	0	0	0	0	0	0	0	0	0	0	0	0	0	0	0	0	0	0	0	0
1067173211	1	2	3	6	0	1	1	0	1	0	1	0	0	1	0	0	1	1	0	0	0	1	0	0	0	1	1	0	0	1	0	1	0	0	0	1	0	1	1	0	0	1	0	1	0	0	0	0	1	0
1066964790	1	2	3	6	0	0	0	0	0	0	0	1	0	1	0	1	0	0	1	0	1	0	0	0	0	0	0	0	0	1	0	0	0	1	0	0	0	1	0	0	0	1	0	0	0	0	0	0	0	0
1066735822	1	2	3	6	0	0	0	1	0	0	0	0	0	1	0	0	1	1	1	1	0	0	0	0	0	0	0	0	0	0	0	1	0	0	0	0	0	0	0	0	0	0	0	0	0	0	0	1	0	0
1066307831	1	2	3	6	1	1	1	0	0	0	0	0	0	1	0	1	1	0	1	0	0	0	1	1	0	0	0	0	0	0	0	0	0	1	1	0	0	0	1	0	0	0	0	1	0	0	0	0	0	1
1066254777	1	2	3	6	0	0	0	0	0	0	1	1	1	1	0	1	0	0	1	0	0	0	0	0	0	0	1	0	0	0	0	0	0	1	0	0	0	0	1	0	0	1	0	0	0	0	1	0	0	0
1065086873	1	2	3	6	0	0	0	0	0	0	1	0	0	0	0	0	1	0	0	0	1	0	0	0	0	0	0	0	0	0	0	0	0	0	0	0	0	0	0	0	0	0	0	0	0	0	0	0	0	0
1065078712	1	2	3	6	0	0	0	1	1	0	0	1	0	1	0	0	0	0	0	1	0	1	0	0	0	0	0	0	0	0	0	1	0	0	0	0	0	0	1	0	0	0	0	0	0	0	0	1	0	0
1064721260	1	2	3	6	0	0	0	0	0	0	0	0	0	1	0	0	0	0	0	0	0	0	1	0	0	0	0	0	0	0	0	0	0	0	0	0	0	0	0	0	0	0	0	0	0	0	0	0	0	0
1064638643	1	2	3	6	0	0	0	0	0	0	0	0	0	0	0	0	0	0	0	1	0	0	0	0	0	0	0	0	0	0	0	0	0	1	0	0	0	1	0	0	0	0	0	0	0	0	0	0	0	0
1064510203	1	2	3	6	0	1	0	1	0	0	0	0	1	0	1	0	0	1	0	0	0	0	0	1	0	1	0	0	0	0	0	1	1	0	0	0	0	1	0	0	0	0	0	0	1	1	0	1	0	1
1064469578	1	2	3	6	1	0	0	1	0	1	0	0	0	1	0	1	1	0	0	1	0	0	1	1	0	0	0	1	0	1	0	1	1	0	1	1	0	0	0	1	0	0	0	0	0	0	0	0	0	1
1064428576	1	2	3	6	0	0	0	0	0	0	0	0	0	0	0	0	1	0	0	0	0	0	1	0	0	0	0	0	0	0	0	0	0	0	0	0	0	0	0	0	0	0	0	0	0	0	0	0	0	0
1064426947	1	2	3	6	0	0	0	1	0	0	0	0	0	1	0	0	1	0	1	0	0	0	0	0	0	0	0	0	0	0	0	1	0	0	0	0	0	1	0	0	0	0	0	0	0	0	0	1	0	1
1064311129	1	2	3	6	1	0	0	0	0	0	1	0	0	1	0	0	1	0	1	0	0	1	0	0	0	0	0	0	0	0	0	0	0	0	0	0	0	1	0	0	0	0	0	1	0	0	0	0	0	0
1064292030	1	2	3	6	0	0	0	0	0	0	0	0	0	0	0	0	1	0	0	0	0	0	0	0	0	0	0	0	0	0	0	0	0	0	0	0	0	0	0	0	0	0	1	0	0	0	0	0	0	0
1061234900	1	2	3	6	0	0	1	1	1	0	1	1	0	0	0	0	1	0	1	0	0	0	0	0	0	1	0	0	0	0	0	1	0	0	0	0	0	0	0	1	0	0	0	0	1	0	0	0	0	0
1088110872	1	2	3	6	0	0	0	0	0	0	1	0	0	0	1	1	0	1	1	1	0	0	0	0	0	0	0	0	0	0	0	0	1	0	0	0	0	0	0	0	0	0	0	0	0	0	0	0	0	0
1088103874	1	2	3	6	1	1	1	1	0	1	1	0	0	1	1	1	1	1	1	0	0	1	0	0	0	1	0	1	1	0	0	1	1	1	0	1	0	1	0	1	0	0	0	0	0	0	1	1	1	1
1086376581	1	2	3	6	0	0	0	0	0	1	1	1	1	1	0	1	1	1	1	1	0	0	1	0	0	1	1	1	0	1	0	1	1	0	0	1	0	1	1	1	1	1	0	0	0	0	1	1	1	1
1041768550	1	2	3	6	0	0	1	0	1	0	0	0	1	1	1	0	1	1	1	0	0	0	0	0	0	0	1	0	0	0	0	1	0	0	0	0	0	0	1	0	0	0	0	0	0	0	1	0	1	1
1066562142	2	1	1	1	1	0	1	0	0	0	0	0	1	1	1	1	0	1	1	0	0	0	1	0	0	1	1	0	0	0	0	1	1	1	0	1	0	1	1	1	0	0	0	0	0	0	0	0	1	1
1066363663	2	1	1	1	0	0	0	0	0	1	0	0	0	0	1	1	0	0	0	0	0	0	0	0	1	0	1	0	0	0	0	0	0	0	0	0	0	0	0	1	0	1	1	0	0	0	1	0	0	0
1066325956	2	1	1	1	0	0	0	1	0	0	1	1	1	1	0	1	1	1	1	1	1	1	1	1	0	1	1	0	0	1	0	0	0	0	0	0	1	1	1	0	1	1	0	1	1	0	1	1	0	1
1065146205	2	1	1	1	1	1	0	0	1	0	1	0	0	1	0	0	1	0	1	0	0	1	0	0	0	1	0	0	0	1	0	0	0	1	0	0	0	1	1	0	0	0	0	0	0	0	0	0	1	0
1064459781	2	1	1	1	0	0	1	0	0	1	0	0	1	1	0	0	1	1	1	0	0	1	1	0	1	1	0	0	0	1	0	0	1	1	0	0	0	1	0	1	0	0	1	0	0	0	1	0	0	0
1064365121	2	1	1	1	0	0	1	0	1	0	1	0	0	0	0	0	1	0	0	0	0	0	0	0	0	0	0	0	0	0	0	0	0	1	0	1	0	0	0	0	0	0	0	0	0	0	0	1	0	0
1154820424	2	1	1	1	0	0	0	0	0	0	1	0	0	1	1	0	1	1	1	1	0	0	0	0	0	1	1	0	0	0	0	1	1	0	0	1	0	0	1	1	0	1	0	0	0	0	0	0	1	0
1154808238	2	1	1	1	0	1	1	0	1	1	1	0	1	1	1	1	1	1	1	1	0	1	0	1	0	1	1	1	0	1	1	1	1	0	0	0	0	0	1	1	1	1	0	0	1	0	0	0	1	1
1144170470	2	1	1	1	0	0	1	1	1	0	1	1	1	1	1	1	1	1	1	1	0	1	1	1	1	1	1	1	1	1	1	1	1	1	0	1	1	1	1	1	1	1	1	0	0	0	1	0	1	1
1102909176	2	1	1	1	0	0	1	1	1	0	0	1	1	1	1	0	1	1	1	1	0	1	1	1	1	1	1	1	1	1	1	1	1	1	0	1	1	0	1	1	1	1	1	1	1	1	1	0	1	1
1099780102	2	1	1	1	0	0	0	0	0	0	0	0	0	0	0	0	0	0	0	0	0	0	0	0	0	0	0	0	0	0	0	0	0	0	0	0	0	0	0	0	0	0	0	0	0	0	0	0	0	0
1093774299	2	1	1	1	0	1	1	0	1	0	1	0	1	1	1	1	1	1	1	1	0	1	0	1	0	0	1	1	0	1	0	0	0	1	0	1	0	1	1	1	1	0	0	0	1	1	1	0	0	1
1091933892	2	1	1	1	0	1	0	0	0	0	1	0	0	1	1	0	1	0	0	0	0	0	1	0	0	0	0	0	0	0	0	0	0	0	0	0	0	0	0	0	0	0	0	1	0	0	0	0	0	0
1091543211	2	1	1	1	0	1	1	1	1	0	0	0	0	0	0	0	1	1	1	1	0	1	0	0	0	0	0	0	1	0	0	0	0	0	0	0	0	0	1	1	1	0	1	0	0	0	0	1	1	1
1090155015	2	1	1	1	0	0	0	0	0	0	1	0	1	1	0	1	0	0	0	0	0	0	0	1	0	1	0	0	0	0	0	0	1	0	0	0	0	0	0	0	0	1	0	0	0	0	1	0	0	1
1090035556	2	1	1	1	0	0	0	1	0	0	1	1	0	0	0	0	1	1	0	0	0	1	1	0	0	0	0	0	0	0	0	1	0	1	0	0	0	0	0	0	0	0	0	0	0	0	0	0	0	0
1089177062	2	1	1	1	0	1	0	1	0	0	0	0	0	0	0	0	0	0	0	0	0	1	0	1	0	0	0	1	0	0	1	1	0	0	0	0	0	0	0	0	0	1	0	1	0	1	1	1	1	1
1088140959	2	1	1	1	0	0	0	0	0	0	1	0	0	1	0	0	1	1	0	1	0	1	1	0	0	1	0	0	0	1	0	0	1	0	0	0	1	1	1	0	1	1	0	0	0	0	1	0	0	1
1087262781	2	1	1	1	0	0	0	0	0	0	1	0	0	1	0	1	1	0	1	0	0	0	1	1	1	1	1	0	0	1	0	0	1	0	0	1	0	0	1	1	0	0	0	0	0	1	1	0	1	0
1086317317	2	1	1	1	1	0	1	0	0	0	1	0	0	0	0	0	0	0	1	1	0	0	0	0	0	1	0	1	0	0	0	0	1	0	0	0	0	0	0	0	0	0	0	0	0	0	0	0	0	0
1083401561	2	1	1	1	0	1	1	0	1	1	1	1	1	1	1	1	1	1	1	1	0	1	1	1	0	1	1	1	0	1	1	1	1	1	0	1	1	1	1	1	1	1	0	0	1	0	1	0	1	1
1083389899	2	1	1	1	0	1	0	1	1	1	1	1	0	1	1	0	1	1	1	1	1	0	1	1	0	1	1	1	1	1	0	1	0	0	0	0	0	0	1	1	1	1	0	0	0	0	1	1	1	1
1083309337	2	1	1	1	0	0	0	0	0	0	1	1	0	1	1	0	1	1	1	1	0	1	1	1	0	1	1	0	0	0	0	1	1	0	0	0	1	1	1	1	0	0	0	1	0	0	1	1	1	1
1082693611	2	1	1	1	0	0	0	1	0	1	1	0	0	1	0	0	1	0	0	1	0	1	1	0	0	1	1	1	0	1	1	1	1	1	1	1	1	1	1	1	1	1	1	0	1	1	1	0	1	0
1082684527	2	1	1	1	1	1	1	1	1	1	1	0	1	1	1	1	1	1	1	1	0	1	0	1	0	1	1	1	1	0	1	1	0	0	0	1	1	1	1	1	1	1	0	1	1	1	1	0	1	1
1082674214	2	1	1	1	0	0	0	0	1	1	1	1	1	1	1	1	1	1	1	1	0	1	1	1	0	1	1	1	0	1	1	1	1	1	0	0	0	0	1	1	1	1	0	0	1	1	1	0	1	1
1078306126	2	1	1	1	0	0	0	0	0	0	0	0	0	1	0	0	1	1	1	0	0	0	0	0	0	0	0	0	0	1	0	0	0	0	0	0	0	0	0	0	0	0	0	0	0	0	0	1	0	0
1077972045	2	1	1	1	0	0	1	0	1	0	0	0	0	1	0	0	1	0	1	0	1	0	0	0	0	0	0	0	0	1	1	0	1	1	1	0	0	0	0	0	0	0	0	0	0	0	0	0	0	1
1077931691	2	1	1	1	0	1	0	0	1	0	0	0	0	0	1	0	1	1	1	1	0	1	1	1	0	1	1	0	0	1	1	1	0	0	0	1	1	1	1	1	1	0	0	1	1	0	0	0	1	0
1073803324	2	1	1	1	0	1	1	0	0	0	0	0	1	1	0	0	1	0	0	0	0	0	0	1	1	1	1	1	1	1	0	0	1	0	0	0	0	0	1	1	1	0	1	0	0	1	0	0	0	0
1070547009	2	1	1	1	0	1	0	1	1	0	0	0	1	1	1	1	1	1	1	1	0	0	0	1	0	1	1	0	0	0	0	1	1	0	0	0	0	0	0	0	0	0	0	0	1	1	1	0	1	1
1061501812	2	1	1	1	0	0	1	0	0	0	1	0	0	1	1	0	1	1	0	0	0	0	1	0	0	0	0	0	0	0	0	1	1	1	0	1	0	0	1	0	0	0	0	0	1	0	0	0	0	0
1050409703	2	1	1	1	0	0	0	0	0	0	0	1	0	0	0	0	1	0	1	1	0	0	1	1	0	1	1	1	0	1	1	0	0	1	0	0	1	0	0	0	1	0	0	0	0	0	1	0	0	0
1046535654	2	1	1	1	0	1	0	0	0	0	1	0	0	0	0	1	0	1	1	1	1	0	0	0	1	0	0	0	0	0	0	0	0	0	0	0	0	0	0	0	0	0	0	0	0	0	0	0	0	0
1046050452	2	1	1	1	0	0	0	0	0	0	1	0	0	1	1	1	1	0	1	0	0	0	0	1	0	0	0	0	0	0	0	0	0	0	0	0	0	1	0	0	0	0	0	0	0	0	0	0	0	0
1040882111	2	1	1	1	1	1	1	0	1	1	1	0	0	1	1	0	1	1	1	1	0	0	0	0	0	1	0	0	0	0	0	0	0	1	0	0	0	0	0	1	0	0	0	0	0	0	0	0	0	0
1040526021	2	1	1	1	0	0	1	0	1	0	0	0	0	1	1	1	1	1	1	1	0	1	0	1	0	1	1	1	0	1	0	0	0	0	0	0	1	1	1	1	0	0	0	0	0	0	1	0	0	1
1036252047	2	1	1	1	0	0	0	0	0	0	1	0	0	1	0	0	1	0	1	0	0	0	0	0	1	1	0	0	0	0	0	0	0	0	0	1	0	0	1	0	0	0	1	1	0	0	1	0	1	0
1035099103	2	1	1	1	0	0	0	1	0	0	0	0	0	0	1	0	1	1	1	0	0	0	0	1	0	1	0	0	0	0	0	0	0	1	0	0	0	0	0	1	0	0	0	0	1	0	0	0	0	1
1035089633	2	1	1	1	0	0	0	0	0	0	1	0	0	0	0	1	1	1	1	0	0	0	0	1	0	1	1	0	0	1	0	0	1	0	0	1	0	0	1	0	1	0	0	0	0	0	1	0	1	0
1035089415	2	1	1	1	0	0	1	0	1	0	0	0	1	1	1	1	1	1	1	0	0	0	1	0	0	1	0	0	0	0	0	0	0	0	1	0	0	1	1	0	0	0	0	0	1	1	0	0	0	0
1093456009	2	1	1	1	0	0	0	0	1	0	0	0	1	1	0	1	1	1	1	0	0	0	1	0	0	1	1	0	0	1	0	0	1	1	0	0	0	0	0	0	0	0	0	0	0	0	0	0	0	0
1087234983	2	1	1	1	0	0	0	0	0	0	0	0	1	1	0	0	1	1	0	0	0	0	0	0	0	1	0	0	0	0	0	0	0	0	0	0	0	0	0	0	0	0	0	0	0	0	0	0	0	0
1084137134	2	1	1	1	0	0	1	0	0	0	1	1	0	1	0	1	1	1	1	0	0	0	1	1	1	1	0	0	0	1	0	1	1	0	0	0	0	0	1	1	0	0	0	0	0	0	1	0	1	1
1084136731	2	1	1	1	1	1	0	0	1	1	0	1	0	1	0	1	1	1	0	1	0	1	1	0	1	0	0	0	0	1	0	0	1	1	0	0	0	1	1	1	0	0	0	0	0	1	1	0	0	0
1084121868	2	1	1	1	0	1	1	0	1	1	1	1	1	0	1	1	1	1	1	0	0	0	0	1	1	1	1	0	1	0	0	1	1	0	0	1	0	0	1	0	1	1	1	0	0	0	1	0	1	1
1080227190	2	1	1	1	1	0	1	0	0	0	0	0	0	0	1	0	0	1	0	0	0	0	0	0	0	0	0	0	0	0	0	0	0	0	0	0	0	0	0	0	0	0	0	0	0	0	0	0	0	0
1075783963	2	1	1	1	1	1	1	1	1	0	0	1	0	1	0	0	1	0	0	1	0	1	0	0	1	0	0	1	1	0	0	0	0	1	0	0	1	1	1	0	0	0	1	0	1	0	0	1	0	1
1074772837	2	1	1	1	1	0	0	0	0	0	0	0	0	0	1	1	1	1	1	0	1	1	0	0	0	1	1	0	0	0	1	1	1	0	1	0	0	0	0	0	0	0	0	0	1	0	0	0	0	0
1074743664	2	1	1	1	0	0	1	0	0	0	1	0	0	0	0	0	0	1	1	0	0	0	0	0	1	0	0	0	0	0	0	0	0	0	0	1	0	0	0	0	0	0	0	0	0	0	0	0	0	0
1074716955	2	1	1	1	1	0	1	0	0	0	0	0	0	0	0	0	0	1	0	0	0	0	0	0	0	0	0	0	0	0	0	0	0	0	1	1	0	0	0	0	0	0	0	0	1	0	0	0	0	0
1088864775	2	1	1	1	0	0	1	0	0	0	1	0	1	1	1	1	1	1	1	0	0	0	0	0	0	1	1	0	0	0	0	1	1	0	0	1	0	0	0	1	1	0	0	0	0	0	1	0	1	0
1085906291	2	1	1	1	0	0	0	0	0	0	0	0	1	1	0	0	1	0	1	1	1	0	0	0	0	0	0	0	0	1	0	0	1	0	0	0	0	0	1	1	0	0	0	1	1	1	0	0	0	1
1061269870	2	1	1	1	1	1	1	0	1	1	1	0	1	1	1	1	1	0	1	0	0	1	0	0	0	0	1	1	1	0	0	1	1	1	1	1	1	0	1	0	1	1	1	1	1	1	1	1	1	1
1061239852	2	1	1	1	1	1	1	0	0	0	0	0	0	1	1	0	1	1	0	0	0	0	1	0	0	0	0	0	0	0	0	0	0	0	1	1	0	0	1	1	0	0	0	1	0	0	0	0	0	0
1154840484	2	1	1	1	0	0	0	0	1	0	1	0	0	0	0	1	1	1	0	0	0	0	1	1	0	0	0	0	0	0	0	0	0	1	0	1	0	0	1	0	0	1	0	0	0	0	1	0	1	1
1117748196	2	1	1	1	0	0	1	0	0	0	0	0	0	1	0	0	1	0	0	1	0	1	1	0	1	1	1	0	0	1	1	0	0	0	0	0	0	0	1	1	0	0	1	0	1	0	0	0	1	1
1098268750	2	1	1	1	1	0	0	0	0	0	0	0	0	0	0	0	1	0	0	0	0	0	0	1	0	1	0	0	0	0	0	0	0	1	0	0	0	1	0	0	0	0	0	0	0	0	0	0	0	0
1088129147	2	1	1	1	0	1	1	1	1	1	1	1	1	1	1	1	1	1	1	1	0	1	1	1	0	1	1	1	1	1	1	1	1	0	0	1	0	0	1	1	1	1	1	1	1	1	1	0	1	1
1088125458	2	1	1	1	0	0	0	0	0	0	1	0	1	1	0	0	1	0	0	0	0	0	0	0	0	0	1	0	0	0	0	1	1	0	0	0	0	0	0	1	1	1	0	0	0	0	1	0	1	1
1088121465	2	1	1	1	1	0	1	0	0	0	1	1	1	1	1	0	1	1	1	1	0	1	1	0	1	1	1	0	0	1	1	1	1	0	1	0	1	0	1	1	1	0	0	1	0	0	1	0	1	1
1088118659	2	1	1	1	0	0	1	0	0	0	1	0	1	1	1	1	1	1	0	0	1	1	0	1	0	1	1	0	0	1	0	1	0	0	0	1	0	0	1	1	1	1	0	1	0	1	1	0	1	1
1088106432	2	1	1	1	0	0	1	0	0	0	1	0	0	1	1	0	1	1	1	1	0	1	0	0	0	1	1	0	0	0	0	1	1	0	0	0	0	0	0	1	0	0	0	1	1	0	1	0	0	1
1088098189	2	1	1	1	1	1	1	0	1	1	1	1	1	1	1	1	1	1	1	1	1	1	1	1	0	1	1	1	1	1	1	1	1	1	1	1	1	1	1	1	1	1	1	1	1	1	1	1	1	1
1088094655	2	1	1	1	0	0	1	0	0	1	0	0	1	1	1	1	1	1	1	0	0	0	1	1	0	1	1	0	0	1	1	1	1	0	0	1	0	1	1	1	1	0	0	1	0	0	1	0	1	0
1088048217	2	1	1	1	0	1	1	0	1	1	0	1	1	1	1	1	1	0	1	1	0	0	1	0	0	0	0	0	1	0	0	0	0	1	0	0	1	1	1	0	0	0	1	0	0	1	0	0	0	1
1078130554	2	1	1	1	0	0	1	0	0	0	0	0	1	1	1	1	1	1	1	0	0	0	0	0	0	1	0	0	0	0	0	0	1	0	0	0	0	1	1	1	0	0	0	1	0	1	0	0	0	0
1077675736	2	1	1	1	1	1	1	0	1	0	0	1	1	1	1	1	1	1	1	1	0	1	1	1	1	1	1	1	1	1	1	1	1	1	1	0	1	0	1	0	0	0	1	1	1	1	0	0	1	1
1073812962	2	1	1	1	1	0	0	0	0	1	0	0	0	1	0	0	1	1	0	0	0	1	1	0	1	1	0	0	0	0	0	0	0	0	0	0	1	1	1	0	0	0	1	0	0	0	0	0	0	0
1073046869	2	1	1	1	0	0	0	0	0	0	0	1	1	0	0	0	0	1	0	0	0	0	0	1	1	1	1	0	0	0	0	1	1	0	0	1	0	0	0	1	0	1	1	0	0	0	0	0	0	1
1052027851	2	1	1	1	0	0	1	0	0	0	1	0	0	1	0	1	1	0	0	1	0	0	0	1	0	0	0	0	0	0	0	0	1	0	0	0	1	1	1	0	0	0	0	0	0	0	0	0	0	1
1051732580	2	1	1	1	1	0	1	1	1	0	1	0	0	1	1	1	1	1	1	1	0	1	1	1	0	1	1	0	0	1	1	0	1	1	1	1	0	1	1	1	1	0	0	1	0	0	1	1	1	1
1047436307	2	1	1	1	0	0	1	1	0	0	1	0	1	1	0	0	1	0	1	0	0	0	0	0	0	0	1	0	0	0	0	1	1	0	0	0	0	1	0	0	0	0	0	1	1	1	0	1	0	0
1044944764	2	1	1	1	1	1	0	0	0	0	0	1	0	1	1	1	1	1	1	0	0	1	1	1	0	1	1	1	0	1	1	0	1	1	0	1	1	1	1	1	1	1	0	0	1	0	1	1	0	0
1044863005	2	1	1	1	1	0	1	0	1	1	0	0	0	0	1	1	0	0	1	0	0	1	0	0	1	0	0	1	0	0	0	0	0	1	0	0	0	1	0	0	0	0	1	0	0	0	1	0	0	0
1044857403	2	1	1	1	1	0	1	1	0	0	0	0	0	1	1	0	1	1	1	0	1	1	1	0	0	1	1	0	0	0	0	0	0	0	0	1	0	0	1	1	1	0	1	0	0	0	0	0	0	1
1043940407	2	1	1	1	0	0	1	0	1	0	1	0	1	1	1	1	1	1	1	1	0	1	0	1	0	0	1	0	0	0	0	1	1	1	0	0	0	1	1	0	1	1	0	1	1	0	1	1	1	1
1043264777	2	1	1	1	1	0	1	0	0	0	0	0	0	0	1	1	0	0	0	0	0	0	0	0	0	0	0	0	0	0	0	0	0	0	1	0	0	0	0	0	0	0	0	0	1	0	0	0	0	0
1042048415	2	1	1	1	1	0	1	1	0	0	0	0	0	1	0	0	1	1	0	0	0	1	0	0	0	1	1	0	0	0	0	1	0	0	0	0	0	0	0	0	0	0	0	0	0	0	0	1	0	0
1041896047	2	1	1	1	0	0	0	0	0	0	0	0	0	1	0	0	0	0	1	0	0	1	0	0	1	0	0	0	0	0	0	0	0	0	0	1	0	0	0	0	0	0	0	0	0	1	0	0	1	0
1040644436	2	1	1	1	0	0	0	0	0	0	0	0	1	0	0	0	1	0	0	0	0	0	0	0	0	0	0	0	0	0	0	0	0	1	0	1	0	1	1	0	0	0	0	0	0	0	0	0	0	1
1154783258	2	1	2	2	0	0	1	0	0	0	1	0	1	1	0	1	0	1	1	1	0	0	0	1	0	1	1	0	0	0	0	0	1	0	0	0	0	0	0	1	1	0	0	1	1	0	0	0	1	1
1144181457	2	1	2	2	0	1	1	0	0	0	1	0	1	1	1	1	1	0	1	0	1	0	1	1	0	1	1	0	0	1	1	1	1	0	0	1	0	0	1	1	1	1	0	0	0	0	0	0	1	1
1144149651	2	1	2	2	0	0	1	1	0	0	1	1	0	0	0	0	0	0	0	0	0	0	0	1	0	0	1	0	0	0	0	0	1	0	0	0	0	0	1	1	0	0	0	0	0	0	0	0	0	0
1103434106	2	1	2	2	1	1	1	1	0	0	1	1	1	1	1	1	1	1	1	1	0	1	1	1	0	1	1	1	0	1	1	1	1	1	0	1	1	1	1	1	1	1	0	1	0	0	1	1	1	1
1102611589	2	1	2	2	0	0	0	0	0	0	1	0	0	0	1	0	0	0	0	0	0	0	0	0	1	1	0	0	0	0	0	0	0	0	0	1	0	0	0	0	0	0	0	0	0	0	0	0	0	1
1102525329	2	1	2	2	0	0	0	0	0	0	0	0	0	1	0	0	1	1	1	0	0	0	0	0	0	1	1	0	0	0	0	1	0	0	0	1	0	0	1	1	1	1	0	1	0	0	0	0	0	0
1102506263	2	1	2	2	0	0	1	0	1	1	1	0	1	1	0	1	0	0	1	1	0	1	0	1	0	1	1	1	0	0	0	1	1	0	0	1	0	0	1	1	0	1	0	0	1	0	0	1	1	1
1100628359	2	1	2	2	0	0	0	1	1	0	0	1	0	0	0	0	1	0	0	0	0	1	1	0	0	0	0	0	0	1	0	0	0	1	0	0	1	1	0	0	0	1	0	0	1	1	0	1	0	0
1099920528	2	1	2	2	0	0	0	1	0	0	0	1	1	0	0	0	0	0	1	0	0	0	0	0	0	0	0	0	0	0	0	0	0	0	0	0	0	0	0	0	0	0	0	0	0	0	0	0	0	0
1098809241	2	1	2	2	1	1	1	1	1	1	1	0	1	1	1	1	1	1	1	1	0	1	0	0	1	1	0	1	1	0	1	0	1	0	0	1	0	0	0	1	0	0	1	0	0	1	1	1	1	0
1097537456	2	1	2	2	0	0	1	0	0	1	1	0	1	1	1	1	1	1	1	0	0	0	0	0	0	1	0	0	0	0	0	1	1	0	0	1	0	0	0	1	1	0	0	0	1	0	1	0	0	0
1094470963	2	1	2	2	0	0	0	1	0	0	0	0	0	0	1	0	0	1	1	0	0	0	0	0	0	0	0	0	0	0	0	0	0	0	0	0	0	0	0	0	0	1	0	0	0	0	0	0	0	0
1094460494	2	1	2	2	0	1	0	1	0	1	0	1	0	1	0	0	1	1	1	0	0	1	1	0	0	1	0	1	0	1	0	1	1	0	1	1	0	0	1	1	0	0	0	0	0	1	1	0	1	0
1094397150	2	1	2	2	0	0	0	1	1	0	0	0	0	1	0	0	1	0	0	0	0	0	1	0	0	0	1	0	0	1	0	0	1	0	0	0	1	0	1	0	0	0	0	0	1	0	0	1	0	0
1090196196	2	1	2	2	0	1	0	1	1	1	0	1	1	1	1	1	1	1	1	1	0	1	0	0	0	1	1	1	1	1	1	1	1	0	0	1	1	1	1	1	1	1	0	0	0	1	0	1	1	0
1090071212	2	1	2	2	0	0	0	1	0	0	1	0	0	0	0	0	0	0	0	0	1	0	0	0	0	0	0	0	0	0	0	0	0	0	1	0	0	0	0	0	0	0	0	0	0	0	0	1	0	0
1090006990	2	1	2	2	0	0	0	1	0	0	1	1	0	0	0	0	1	0	1	1	0	1	0	1	0	1	1	0	0	0	0	1	0	0	0	0	1	0	1	0	0	0	0	0	0	0	0	1	0	0
1088149333	2	1	2	2	0	0	1	0	1	1	1	0	1	1	1	1	1	1	1	1	0	1	1	1	0	1	1	0	0	1	1	0	0	0	0	0	0	0	1	1	1	1	0	1	1	1	1	0	1	1
1088053406	2	1	2	2	0	0	0	1	0	0	0	1	1	0	0	0	1	0	0	0	0	0	0	0	1	0	0	0	0	0	0	0	0	0	0	0	0	0	0	0	1	0	0	0	0	1	0	0	0	0
1087509283	2	1	2	2	0	1	0	0	0	0	0	0	0	0	0	0	0	0	0	0	0	0	1	0	0	0	0	0	0	0	0	0	0	0	0	0	0	0	0	0	0	0	0	0	0	0	0	0	0	0
1087237835	2	1	2	2	0	1	1	1	0	0	0	0	1	1	0	0	1	1	0	0	0	0	0	1	0	1	0	0	0	0	0	0	1	0	0	0	0	0	1	0	0	0	0	0	1	1	0	0	0	0
1087232908	2	1	2	2	0	0	0	0	0	0	0	0	0	0	0	0	1	0	0	0	0	0	0	0	0	0	0	0	0	0	0	0	0	0	0	0	0	0	0	0	0	0	0	0	0	0	0	0	0	0
1087232216	2	1	2	2	0	0	0	1	0	0	0	1	0	1	0	0	1	1	0	0	0	1	0	0	0	0	0	0	0	1	1	0	1	0	0	0	0	0	1	1	0	0	0	0	1	1	0	0	0	0
1086314967	2	1	2	2	0	0	1	0	0	0	1	0	1	1	1	1	1	1	1	0	0	0	0	0	0	1	1	0	0	0	0	1	1	1	0	1	0	0	0	1	1	1	0	0	1	0	1	0	1	1
1083411368	2	1	2	2	0	0	1	1	0	0	1	0	1	0	1	1	0	0	1	0	0	0	0	1	0	1	0	0	0	0	0	0	1	0	0	0	0	0	0	1	1	1	0	1	1	0	1	1	1	1
1083369309	2	1	2	2	0	0	0	1	0	1	1	0	1	1	0	0	0	1	1	0	0	1	0	0	0	1	0	0	0	1	0	0	1	0	0	0	0	0	0	1	1	1	0	1	0	1	1	0	0	1
1083309992	2	1	2	2	1	1	1	1	0	0	1	1	1	1	1	1	1	1	1	1	0	1	1	1	0	1	1	1	0	1	1	1	1	1	0	1	1	1	1	1	1	1	0	1	0	0	1	1	1	1
1083298719	2	1	2	2	0	0	0	0	1	0	1	1	1	1	1	0	1	1	1	1	0	1	1	1	1	1	1	1	0	0	0	1	1	0	0	0	1	1	1	1	0	1	1	1	0	0	1	1	1	1
1083256575	2	1	2	2	0	0	1	1	0	1	1	1	1	1	1	1	1	1	1	1	0	1	1	0	0	1	1	0	0	0	0	1	0	1	0	1	0	0	1	1	1	1	0	1	0	0	1	1	1	0
1083216596	2	1	2	2	0	0	1	1	0	0	1	0	0	1	1	1	1	1	1	1	0	1	1	0	0	1	1	0	0	1	1	1	1	1	0	1	0	0	1	1	1	0	1	1	0	0	0	1	1	0
1082671480	2	1	2	2	0	1	1	1	1	1	1	1	1	1	1	1	1	1	1	1	1	1	1	1	0	1	1	1	1	1	1	1	1	1	0	1	1	1	1	1	1	1	0	1	1	1	1	1	1	1
1081321362	2	1	2	2	0	0	0	1	0	0	0	1	0	0	0	0	0	0	0	0	0	1	0	0	0	0	0	0	0	0	0	0	0	0	0	0	0	0	0	0	0	0	0	0	0	0	0	1	0	0
1078562114	2	1	2	2	0	0	1	0	0	0	0	1	0	0	0	0	1	0	0	0	0	1	1	1	0	0	0	0	0	0	0	0	0	0	1	0	0	0	1	0	0	0	0	0	1	1	0	0	0	0
1078190159	2	1	2	2	0	1	1	1	0	1	0	0	0	1	1	0	1	1	0	1	1	1	1	0	0	1	0	1	0	1	0	1	1	1	0	1	0	1	1	1	0	1	0	1	0	0	1	1	1	1
1078115477	2	1	2	2	0	0	1	0	0	0	0	1	1	0	0	1	1	0	1	0	0	0	0	1	0	0	0	0	0	0	0	0	1	1	0	1	0	1	1	1	0	0	0	0	0	0	1	0	1	1
1078101550	2	1	2	2	0	0	1	0	0	0	0	0	0	0	1	1	1	1	1	1	0	1	1	1	0	1	1	0	0	1	1	1	1	0	0	1	0	0	1	1	1	1	0	0	0	0	1	0	1	1
1078058447	2	1	2	2	0	0	1	1	1	0	1	1	0	1	0	1	1	1	1	1	0	1	0	0	0	1	0	0	0	1	1	1	1	1	0	1	1	0	1	1	1	1	0	1	0	0	1	1	1	1
1078052184	2	1	2	2	1	0	1	1	1	0	1	1	1	1	1	0	1	0	0	0	0	1	0	0	0	0	0	0	0	0	0	0	1	0	1	0	0	0	1	0	0	1	0	0	1	1	1	1	0	0
1078032311	2	1	2	2	0	1	1	0	0	0	1	1	0	0	0	0	1	1	1	1	0	0	0	0	0	1	0	1	0	0	0	1	0	1	0	1	0	1	0	1	0	1	0	0	0	0	0	0	0	0
1077580499	2	1	2	2	0	0	1	0	1	0	1	0	0	0	1	1	1	1	0	0	0	0	0	0	0	0	1	0	0	0	0	0	0	0	0	0	0	1	0	0	0	0	1	0	1	0	0	0	0	0
1077484760	2	1	2	2	0	0	1	0	1	1	1	0	1	1	1	1	1	1	1	1	0	1	1	1	0	1	1	0	0	1	1	0	1	1	0	0	0	0	1	1	1	1	0	1	1	1	1	0	1	1
1075805447	2	1	2	2	0	0	0	0	0	0	0	0	0	0	0	0	0	0	0	0	1	0	0	0	0	0	0	0	0	0	0	0	0	0	0	0	0	0	0	0	0	0	0	0	0	0	0	0	0	0
1075795618	2	1	2	2	0	0	0	1	0	0	1	0	0	0	0	0	1	0	0	0	0	1	0	0	0	0	0	0	0	0	1	0	0	0	0	0	1	0	0	0	0	0	0	0	0	0	0	1	0	0
1073513898	2	1	2	2	0	0	1	0	0	0	0	0	0	0	0	1	0	1	0	0	0	0	0	1	0	0	1	0	0	1	0	0	1	0	0	0	0	0	0	1	0	0	0	0	0	0	0	0	1	0
1066130504	2	1	2	2	0	0	0	1	0	0	1	0	0	1	0	0	1	0	1	0	0	1	0	0	0	0	0	0	0	1	0	1	0	1	0	0	0	0	1	0	0	0	0	0	0	0	0	1	1	0
1065139713	2	1	2	2	0	0	1	0	0	0	0	0	0	1	1	0	1	0	0	0	0	1	1	0	0	0	0	0	0	1	0	0	1	1	0	0	0	1	1	0	0	0	0	0	0	0	0	0	0	1
1064232443	2	1	2	2	0	0	1	0	1	0	0	0	0	0	1	0	1	0	0	0	0	1	0	0	1	0	0	0	1	0	0	0	0	0	0	0	0	0	1	0	0	0	1	1	1	1	0	0	0	0
1062386879	2	1	2	2	0	0	0	0	0	0	0	0	0	0	0	0	0	0	0	0	0	0	0	0	0	1	0	0	0	0	0	0	0	0	0	0	0	0	0	0	0	0	0	0	0	0	0	0	0	0
1055280322	2	1	2	2	0	0	0	0	0	0	1	1	1	1	1	0	1	1	1	0	0	0	0	0	1	1	1	1	0	0	0	0	0	0	0	1	0	0	1	1	1	0	0	0	0	0	0	0	1	0
1052243861	2	1	2	2	1	1	0	1	1	0	0	0	0	0	0	0	1	0	0	0	0	1	0	0	0	0	0	0	0	0	0	1	1	0	0	0	0	0	0	0	0	0	0	0	0	0	0	1	0	0
1051690068	2	1	2	2	0	0	0	0	0	0	0	0	0	0	0	0	0	0	0	0	0	0	0	0	0	0	0	0	0	0	0	0	0	0	0	0	0	0	0	0	0	0	0	0	0	0	0	0	0	0
1051180899	2	1	2	2	0	1	0	0	0	0	0	1	1	1	1	1	1	0	1	0	0	0	0	1	0	1	0	0	0	0	0	0	1	1	0	0	0	1	1	0	1	1	0	0	0	1	1	0	0	1
1051173275	2	1	2	2	0	0	0	1	0	0	0	1	0	0	0	0	1	0	0	1	0	1	0	0	0	0	0	0	0	0	0	1	0	0	0	0	0	0	0	0	0	0	0	0	0	0	0	1	0	0
1050585436	2	1	2	2	0	1	1	0	1	0	1	0	1	1	0	0	0	0	1	1	0	0	0	0	0	0	0	0	0	0	0	0	0	0	0	0	0	0	0	0	0	0	0	0	0	0	0	0	0	0
1049044702	2	1	2	2	0	0	0	1	1	0	0	1	1	1	0	0	1	1	1	0	0	1	0	0	0	1	0	0	0	1	1	1	0	0	0	0	0	0	0	1	0	0	0	1	0	0	0	1	1	0
1048500201	2	1	2	2	1	0	0	1	0	0	0	0	1	1	0	0	1	0	1	0	0	0	0	0	0	0	0	1	0	1	0	0	0	0	0	0	0	1	1	0	0	0	0	0	0	0	0	0	1	1
1047384498	2	1	2	2	0	1	1	0	1	1	0	1	1	1	0	0	1	1	1	1	0	1	1	1	0	1	0	1	0	0	0	0	0	1	1	1	0	0	1	1	1	0	0	0	1	0	1	0	1	0
1047258453	2	1	2	2	0	0	0	1	0	0	0	0	0	1	0	0	1	0	0	0	0	1	0	0	0	0	0	0	0	1	0	1	0	0	0	0	0	1	1	0	0	0	0	0	0	0	0	1	0	0
1044047543	2	1	2	2	0	0	1	0	0	0	0	1	0	1	0	0	1	1	1	1	1	0	0	0	0	1	0	0	0	0	0	0	0	1	0	0	0	1	0	1	0	0	0	0	0	0	0	0	0	1
1041909062	2	1	2	2	0	0	1	0	1	1	0	0	1	1	0	1	1	1	1	0	0	0	0	1	0	0	1	0	0	0	0	1	1	0	0	0	0	0	0	1	0	1	0	0	1	0	0	0	0	0
1041897296	2	1	2	2	0	0	1	0	0	0	0	0	0	1	1	0	1	1	1	0	0	0	0	0	1	1	0	0	0	0	0	0	1	1	0	1	0	1	1	1	0	0	0	0	0	0	0	0	0	1
1041804416	2	1	2	2	0	0	0	0	0	0	0	1	0	0	0	0	0	0	0	0	0	1	0	0	0	0	0	0	0	0	0	0	0	0	0	0	0	0	0	0	0	0	0	0	0	0	0	0	0	0
1041286933	2	1	2	2	0	0	0	0	0	0	0	0	0	0	0	0	1	0	1	0	0	0	0	0	0	0	0	1	0	0	0	0	0	0	0	0	0	0	0	0	0	0	0	0	0	0	0	0	0	0
1040548769	2	1	2	2	0	0	1	0	0	0	0	0	0	1	1	1	1	1	1	0	0	0	0	1	0	1	0	0	0	0	0	0	0	1	0	0	0	1	1	0	0	0	0	1	1	0	0	0	0	0
1040056886	2	1	2	2	1	0	1	0	0	0	1	0	1	1	1	1	1	0	0	1	0	0	1	1	0	1	0	1	0	0	0	1	1	0	0	0	0	0	1	1	0	0	0	1	0	0	1	1	0	1
1039842047	2	1	2	2	0	0	1	0	0	0	1	1	1	0	1	0	1	1	1	1	0	1	1	0	1	0	1	0	0	0	0	1	0	0	0	0	0	0	0	0	0	0	1	1	1	1	0	0	0	1
1039821663	2	1	2	2	0	0	0	0	0	0	0	0	0	1	0	0	0	0	0	0	0	0	0	0	1	0	0	0	0	0	0	1	0	0	0	0	0	0	0	0	0	0	0	0	0	0	0	0	0	0
1038765171	2	1	2	2	0	0	0	0	0	0	0	0	0	0	0	0	1	0	1	0	0	0	0	0	0	0	0	0	0	0	0	1	0	0	0	0	0	0	0	0	0	0	0	0	0	0	0	0	0	0
1038302658	2	1	2	2	0	0	1	0	0	0	0	0	0	0	0	0	1	0	1	0	0	0	0	0	0	1	0	0	0	0	0	0	0	0	0	0	0	0	1	0	0	0	0	0	0	0	0	0	1	0
1038121177	2	1	2	2	0	0	0	0	0	0	0	0	0	1	0	1	1	1	1	0	0	1	0	1	0	1	0	0	0	0	0	0	0	0	0	1	0	0	1	1	0	0	0	0	0	0	0	0	1	0
1038114897	2	1	2	2	0	0	1	0	0	0	1	1	0	1	1	1	1	0	1	0	0	0	0	0	0	1	0	0	0	0	0	0	1	1	0	0	0	1	1	0	0	0	0	0	0	0	0	0	0	0
1038109990	2	1	2	2	0	0	0	0	0	0	0	0	0	1	0	0	1	0	1	0	1	1	0	0	0	0	0	0	0	0	0	0	0	1	1	0	0	1	1	0	0	0	0	0	0	0	0	0	0	0
1036381547	2	1	2	2	0	1	0	0	0	0	0	0	0	0	1	1	1	0	0	0	0	0	0	0	1	1	1	1	1	1	0	1	0	0	0	1	0	0	0	1	0	1	0	1	1	1	1	0	1	0
1036131620	2	1	2	2	0	0	0	0	0	0	0	0	0	1	0	0	0	0	1	0	0	0	0	0	0	0	0	0	0	0	0	0	0	0	0	0	0	0	0	0	0	0	0	0	0	0	0	0	0	0
1036089389	2	1	2	2	0	0	0	0	1	0	0	0	0	1	1	1	1	0	0	0	0	0	0	0	0	0	1	0	0	0	0	0	1	0	0	0	0	0	0	0	1	1	0	0	0	1	1	0	0	1
1036084974	2	1	2	2	0	0	1	0	0	0	0	0	1	1	0	0	0	1	1	0	0	0	0	1	0	0	0	0	0	0	0	0	0	0	0	0	0	0	1	1	0	0	0	1	0	0	1	0	0	1
1033982833	2	1	2	2	0	0	0	0	0	0	0	0	1	1	1	1	0	0	0	0	0	0	0	0	0	1	0	0	0	0	0	0	1	0	0	1	0	0	0	1	1	1	0	0	0	0	1	0	1	0
1099846307	2	1	2	2	0	0	0	0	0	0	1	0	0	0	1	0	1	0	1	0	1	0	0	0	0	0	0	0	0	0	0	0	0	0	0	0	0	0	0	0	0	0	0	0	0	0	0	0	0	0
1086273027	2	1	2	2	1	1	1	0	1	0	0	0	1	1	1	0	1	1	1	1	0	1	1	0	0	1	1	0	0	1	1	1	0	1	0	1	0	1	1	1	0	0	0	1	1	0	0	0	1	0
1085367510	2	1	2	2	1	1	1	0	0	0	0	0	0	0	1	0	1	0	1	0	0	0	0	0	0	0	0	1	0	1	0	0	0	0	0	0	0	0	0	0	0	1	0	0	0	0	0	0	0	1
1084153454	2	1	2	2	1	0	0	0	1	1	0	0	0	0	0	0	1	1	1	1	0	0	0	0	1	0	0	1	1	1	1	0	0	0	0	0	1	0	0	0	0	1	1	0	0	0	1	0	0	0
1084129147	2	1	2	2	0	0	1	0	0	1	0	0	0	1	0	1	1	1	0	0	1	0	0	0	0	0	0	1	0	0	1	0	1	0	0	1	0	0	1	1	1	0	0	0	1	1	1	0	0	0
1083188100	2	1	2	2	0	1	0	0	0	0	0	0	0	0	0	0	1	0	0	0	0	1	0	0	0	0	0	0	0	0	0	1	0	0	0	0	0	0	0	0	0	0	0	0	0	0	0	0	0	0
1083161047	2	1	2	2	0	0	1	0	0	0	0	0	1	0	1	0	1	0	1	0	0	0	0	0	0	1	0	0	0	0	0	0	0	0	0	0	0	0	1	0	0	0	0	0	0	0	0	0	0	1
1083133280	2	1	2	2	0	0	0	0	0	0	1	0	0	0	1	0	0	0	0	0	0	0	0	0	0	0	0	0	0	0	0	0	1	0	0	0	0	0	0	0	1	0	0	0	0	0	0	0	0	0
1079214666	2	1	2	2	0	0	0	0	0	1	0	0	0	0	0	1	1	0	1	0	0	0	0	0	0	0	0	1	0	0	0	0	0	0	0	0	0	0	0	1	0	1	0	0	0	0	1	0	0	1
1077468575	2	1	2	2	0	0	0	0	1	0	0	1	0	0	0	1	1	0	0	0	0	0	0	0	1	0	0	0	1	0	0	1	1	0	0	0	0	0	0	0	0	0	1	0	0	0	0	0	0	0
1077439448	2	1	2	2	1	0	0	0	0	0	0	0	0	0	1	0	0	0	0	0	0	0	0	0	0	0	0	0	0	0	0	0	0	0	0	0	0	0	0	1	0	0	0	0	0	0	0	0	0	0
1077386366	2	1	2	2	0	1	1	0	0	1	1	0	0	1	0	0	1	1	0	0	0	0	0	0	0	0	1	1	0	0	0	0	1	0	0	0	0	0	1	1	1	0	0	0	1	1	1	0	0	0
1077165925	2	1	2	2	0	0	0	0	0	0	1	0	0	0	0	0	1	1	0	0	0	0	0	0	0	1	0	0	0	0	0	0	1	0	0	0	0	0	1	0	0	0	0	0	0	0	0	0	0	0
1075949243	2	1	2	2	1	1	0	0	0	0	1	1	0	0	0	0	1	0	1	0	0	0	1	0	0	0	0	0	0	1	0	0	0	1	0	0	0	0	0	0	0	0	0	0	0	0	0	0	0	0
1075843714	2	1	2	2	0	0	0	0	0	0	0	0	1	0	0	1	0	0	0	0	0	0	0	1	0	0	1	0	0	0	0	1	0	0	0	0	0	0	0	0	1	0	0	0	0	0	1	0	0	0
1075836677	2	1	2	2	0	0	0	0	0	0	0	0	0	0	0	0	0	0	0	0	0	0	0	0	0	0	0	0	0	0	0	0	0	0	0	0	0	0	0	0	0	0	0	0	0	0	0	0	0	0
1075836168	2	1	2	2	0	0	1	0	0	1	1	0	0	0	1	0	0	0	1	0	0	0	0	0	0	0	0	0	0	0	0	0	1	0	0	0	0	0	0	1	0	0	0	0	0	0	1	0	1	1
1075819621	2	1	2	2	1	0	0	0	1	0	0	1	0	0	0	0	1	0	1	1	0	1	0	0	0	0	0	0	1	1	0	0	0	1	0	0	0	1	0	0	0	0	0	0	0	0	0	0	1	0
1075819288	2	1	2	2	0	0	0	0	0	0	0	0	0	1	0	0	1	0	0	0	0	1	0	0	0	0	0	0	0	1	0	1	0	0	0	0	1	0	1	0	0	0	0	0	0	0	1	0	0	1
1075797766	2	1	2	2	0	0	0	0	0	0	0	0	0	0	1	0	1	1	0	0	0	0	0	0	0	0	0	0	0	0	0	0	0	0	0	0	0	0	0	0	0	0	0	0	1	0	0	0	0	0
1075795085	2	1	2	2	1	1	0	0	0	1	0	0	0	0	0	0	1	1	1	0	0	0	0	0	0	0	1	1	0	0	0	0	0	0	0	0	0	0	0	1	0	0	0	0	0	0	1	0	0	0
1075792086	2	1	2	2	1	1	0	0	0	0	1	1	0	0	1	0	1	1	0	1	0	0	1	0	0	0	0	0	0	1	0	0	0	1	0	0	0	1	0	0	0	0	0	0	0	0	0	0	0	0
1074791468	2	1	2	2	1	0	1	0	0	0	1	0	0	0	0	0	1	1	0	0	0	0	0	0	0	1	0	0	0	0	0	0	0	0	0	1	0	0	0	0	0	1	0	1	0	0	0	0	1	0
1074781996	2	1	2	2	0	0	1	0	0	0	1	0	0	0	0	0	1	1	0	0	0	0	0	0	0	0	0	0	0	0	0	0	0	0	0	0	0	0	1	0	0	0	0	0	0	0	0	0	0	0
1074768680	2	1	2	2	1	0	0	0	0	0	0	0	0	0	0	0	0	0	0	0	0	0	0	0	0	0	0	0	0	0	0	0	0	0	0	0	0	0	0	0	0	0	0	0	0	0	0	0	0	0
1074718839	2	1	2	2	0	0	1	0	0	1	0	0	1	0	0	1	0	1	1	0	0	0	0	0	0	1	0	1	0	0	0	0	0	0	0	0	0	0	0	0	0	0	0	0	0	0	1	0	0	0
1074714334	2	1	2	2	1	0	0	0	1	0	0	0	0	1	0	0	0	0	0	0	0	0	1	0	0	0	0	0	0	0	0	0	0	1	0	0	0	1	0	0	0	1	0	0	0	0	0	0	0	0
1074714299	2	1	2	2	1	0	0	0	0	0	0	0	0	0	0	0	0	0	0	0	0	0	0	0	0	0	0	0	0	0	0	0	0	0	0	0	0	0	0	0	0	0	0	0	0	0	0	0	0	0
1074714053	2	1	2	2	0	0	1	0	0	0	1	0	0	0	1	0	1	1	0	0	0	0	0	0	0	0	0	0	0	0	0	0	0	0	0	0	0	0	0	1	0	0	0	0	1	0	0	0	0	0
1074712198	2	1	2	2	1	0	0	0	0	0	0	0	1	1	0	1	1	0	0	0	0	0	0	0	0	1	1	0	0	0	0	0	1	0	0	0	0	0	0	1	1	0	0	0	0	0	0	0	1	0
1079030784	2	1	2	2	0	1	0	0	0	1	0	0	0	0	0	1	1	1	0	0	0	0	0	0	0	0	0	0	0	0	0	0	0	0	0	0	0	1	0	0	0	0	0	0	1	0	1	0	0	0
1088783683	2	1	2	2	1	0	0	0	0	0	1	0	0	0	0	0	1	0	1	0	0	0	0	0	0	0	0	0	0	0	0	0	0	0	0	0	0	0	0	0	0	0	0	1	0	0	0	0	0	0
1088735542	2	1	2	2	0	0	0	1	1	0	1	0	0	0	0	0	0	0	0	1	0	0	0	0	0	0	0	0	0	1	0	0	0	0	0	0	0	0	0	0	0	1	0	0	0	0	0	1	1	0
1085205715	2	1	2	2	0	1	0	1	0	0	0	0	0	0	0	0	1	1	0	0	0	0	0	0	1	1	0	0	1	0	0	0	0	0	0	0	0	0	0	0	0	0	0	0	0	0	0	0	0	0
1085203398	2	1	2	2	0	0	1	0	0	0	0	0	0	1	1	1	1	1	1	1	0	1	0	0	0	1	0	0	0	1	0	0	0	0	0	1	0	0	0	1	0	0	0	0	0	0	0	1	0	0
1084373914	2	1	2	2	0	0	0	0	0	0	0	0	0	0	0	0	1	0	0	0	0	0	0	1	0	0	0	0	0	0	0	1	0	0	0	0	0	0	0	0	0	0	0	0	1	0	1	0	0	0
1084165008	2	1	2	2	0	0	0	0	0	0	1	0	1	1	0	1	1	1	1	0	0	1	0	0	0	1	0	0	0	0	0	0	0	0	0	0	0	0	1	1	0	0	0	0	0	0	0	0	1	0
1075849351	2	1	2	2	1	0	1	0	0	0	0	0	1	1	0	1	1	1	1	0	0	0	1	0	0	1	0	0	0	1	0	1	0	0	0	0	0	0	0	1	0	0	0	0	0	0	0	0	0	0
1075828027	2	1	2	2	0	0	0	1	0	0	0	0	0	1	0	0	1	1	0	0	0	1	0	0	0	1	0	0	0	0	0	0	0	0	0	0	0	1	1	0	0	0	0	0	1	0	0	1	1	0
1072509947	2	1	2	2	0	0	0	0	0	0	0	0	0	0	0	0	1	0	0	0	0	0	0	0	0	0	0	0	0	0	0	0	0	0	0	0	0	0	0	0	0	0	0	0	0	0	0	0	1	0
1062498487	2	1	2	2	1	1	1	0	1	1	0	1	1	1	0	0	1	1	1	0	0	1	1	0	0	0	0	0	1	1	1	1	0	0	0	1	1	1	1	0	0	0	0	1	1	0	0	0	1	1
1061935577	2	1	2	2	1	0	1	0	0	1	0	0	0	0	0	0	1	0	0	0	0	1	0	0	0	1	0	0	0	0	0	0	0	0	0	0	0	1	0	0	0	0	0	0	0	0	0	0	0	0
1061247015	2	1	2	2	0	0	0	0	0	0	0	0	0	1	0	0	1	0	0	1	0	0	1	0	0	0	0	0	0	1	0	0	1	0	0	0	0	0	1	0	0	1	0	0	0	0	0	0	1	0
1061242753	2	1	2	2	0	0	0	0	0	0	1	0	0	1	0	0	1	0	1	0	0	0	0	0	0	0	0	0	0	0	0	0	0	0	0	0	0	0	0	0	0	0	0	1	0	0	0	0	1	0
1144198500	2	1	2	2	0	0	0	0	0	0	1	0	1	0	1	0	1	0	0	0	0	0	0	0	0	0	1	0	0	0	0	0	1	0	0	0	0	0	0	0	0	0	0	1	0	0	1	0	1	0
1144192941	2	1	2	2	1	1	1	1	1	1	1	1	1	1	1	1	1	1	1	1	0	1	1	1	0	1	1	1	1	1	1	1	1	1	1	1	0	1	1	1	1	1	1	0	0	0	1	1	1	1
1117738925	2	1	2	2	0	0	1	0	0	0	1	0	1	1	0	1	1	1	0	0	0	0	0	1	0	0	1	0	0	1	0	0	0	1	1	0	0	0	1	0	1	0	0	1	0	0	0	0	0	0
1102540531	2	1	2	2	0	0	0	0	0	1	1	0	1	1	0	1	1	1	0	1	0	1	0	1	0	1	1	0	0	0	0	1	1	0	0	1	1	0	1	1	0	1	0	0	0	0	1	0	1	1
1090123498	2	1	2	2	0	0	0	0	0	0	1	0	1	1	1	1	1	1	1	1	0	1	1	1	0	1	0	0	0	1	0	1	1	0	0	0	0	0	1	1	1	1	0	0	0	0	1	0	1	1
1088096624	2	1	2	2	0	1	1	1	1	1	1	1	1	1	1	1	1	1	1	1	1	1	1	1	0	1	1	1	1	1	1	1	1	0	0	0	1	1	1	1	1	1	0	1	1	1	1	1	1	1
1088085003	2	1	2	2	0	0	0	0	0	0	0	0	0	1	0	1	1	0	1	0	0	0	1	1	0	0	1	1	0	1	0	1	1	1	0	1	0	0	1	1	1	1	0	0	0	0	1	1	1	1
1088083609	2	1	2	2	0	0	1	1	1	1	1	1	1	1	1	1	1	1	1	1	0	0	1	0	1	1	1	1	0	0	0	1	1	1	0	1	0	0	0	1	1	1	1	1	0	1	1	1	0	1
1088078466	2	1	2	2	0	0	0	1	1	1	1	0	1	1	1	1	1	1	1	1	0	1	0	1	0	1	1	1	0	1	0	1	1	1	0	1	1	1	1	1	1	1	0	0	1	0	1	1	1	1
1088069518	2	1	2	2	1	1	1	1	1	1	1	0	0	1	1	1	1	1	1	1	0	1	1	1	0	1	1	1	0	1	0	0	1	0	0	1	0	0	1	1	1	1	0	0	1	0	1	1	1	1
1086334198	2	1	2	2	0	0	1	1	1	0	1	1	0	1	0	0	1	1	1	1	0	0	0	1	0	0	1	0	1	1	1	0	0	0	0	0	0	1	0	0	0	1	0	0	0	0	0	1	1	1
1086311464	2	1	2	2	0	1	0	0	0	0	0	0	0	0	0	0	1	0	0	0	0	1	0	1	1	0	0	0	1	1	0	0	0	1	0	0	1	1	0	1	0	0	0	0	0	0	1	0	1	0
1077617097	2	1	2	2	0	0	0	0	0	0	1	0	0	0	1	0	0	0	0	0	0	0	0	0	0	0	0	0	0	0	0	0	1	0	0	0	0	0	0	0	0	1	0	0	0	0	0	0	0	0
1075214380	2	1	2	2	1	0	1	0	0	0	1	0	0	0	0	1	1	1	1	0	0	0	0	1	0	1	1	0	0	0	0	0	1	0	0	0	0	0	0	0	0	0	0	1	0	0	0	0	0	1
1074142138	2	1	2	2	0	1	0	0	1	0	0	1	1	1	1	1	1	1	1	0	0	0	0	1	1	0	0	0	1	1	0	0	1	1	0	1	0	1	1	0	1	0	0	0	1	1	0	0	1	0
1053093483	2	1	2	2	1	0	0	0	0	0	1	0	1	1	0	0	1	0	0	0	0	0	0	0	0	0	0	0	0	1	0	0	0	1	1	0	0	0	0	0	0	0	0	0	0	0	0	0	0	0
1048653749	2	1	2	2	1	1	1	0	0	0	0	1	1	1	0	0	1	1	0	0	0	0	0	0	0	0	0	0	0	0	0	1	0	0	0	0	0	0	1	1	0	0	0	0	1	0	0	0	1	0
1046209171	2	1	2	2	0	0	0	0	0	0	1	0	0	0	0	0	0	0	0	0	0	0	0	0	0	0	0	0	0	0	0	0	0	0	0	0	0	0	0	0	0	0	0	0	0	0	0	0	0	0
1041882549	2	1	2	2	0	0	0	0	0	0	0	0	0	1	0	0	1	0	0	0	1	0	0	0	0	0	0	0	0	0	0	0	0	0	1	0	0	0	0	0	0	0	0	0	0	0	0	0	0	0
1103451115	2	1	3	3	0	1	0	1	1	1	1	1	1	1	1	1	1	0	1	0	0	0	0	1	1	1	1	1	1	1	0	1	1	0	0	1	0	0	0	1	1	1	1	0	0	0	1	1	1	1
1103445841	2	1	3	3	0	1	1	1	0	1	1	0	1	1	1	1	1	1	1	1	0	0	1	1	0	1	1	1	0	1	1	1	1	0	0	1	0	1	0	1	1	1	0	0	1	0	1	1	1	1
1103424413	2	1	3	3	0	0	0	1	1	0	1	0	0	1	1	1	1	1	1	1	0	0	0	1	0	1	1	0	1	0	1	1	1	0	0	0	0	0	0	1	1	1	0	1	0	0	1	1	1	1
1103412732	2	1	3	3	0	1	1	1	1	1	1	1	0	0	1	1	1	1	1	1	0	0	0	1	1	0	0	1	1	0	0	0	0	0	0	1	0	0	0	1	1	1	0	1	1	0	1	1	1	1
1102528166	2	1	3	3	0	1	0	0	1	1	1	1	1	1	1	1	1	1	1	1	0	0	1	1	0	1	1	1	0	1	0	1	1	0	0	0	1	0	0	1	1	1	1	1	0	0	1	0	1	1
1099785979	2	1	3	3	0	0	1	1	0	0	0	0	0	1	0	0	1	0	0	0	0	1	0	0	0	0	0	0	0	0	1	0	0	0	0	0	0	1	1	0	0	0	0	1	1	0	0	0	0	0
1099677328	2	1	3	3	1	0	0	1	0	1	0	1	0	0	1	0	0	0	0	0	0	1	0	0	0	0	0	1	0	0	0	1	0	1	1	0	0	0	0	1	0	0	0	0	1	1	0	1	0	1
1097454847	2	1	3	3	0	0	0	1	0	0	0	1	0	1	0	0	1	1	0	0	0	1	0	0	0	1	0	0	0	0	0	0	0	0	0	0	0	1	0	0	0	0	0	0	0	0	0	1	0	0
1090858298	2	1	3	3	0	0	0	0	0	0	0	0	1	0	0	1	0	0	0	0	0	0	0	0	0	0	0	1	0	0	0	0	0	0	0	0	0	0	0	1	0	0	0	0	0	0	0	0	1	0
1090062474	2	1	3	3	0	0	0	1	0	0	1	1	0	1	0	0	1	0	0	1	0	0	0	0	0	0	0	0	0	0	0	0	0	0	0	0	0	0	0	0	0	1	0	0	0	0	0	0	0	0
1090055420	2	1	3	3	0	0	1	1	0	0	1	1	0	1	0	0	1	1	1	1	0	0	1	1	0	1	1	1	0	0	0	1	1	0	0	1	0	0	1	1	1	1	1	1	0	0	0	1	1	1
1090048799	2	1	3	3	0	0	1	0	0	0	1	1	1	1	0	1	1	0	1	0	0	0	1	1	0	1	1	1	1	1	0	0	1	0	1	0	0	1	0	1	1	1	0	0	0	1	0	1	0	0
1088813460	2	1	3	3	0	1	1	1	1	1	1	1	1	0	0	0	1	1	1	1	0	1	1	1	1	1	1	0	1	1	1	1	0	0	0	0	1	0	1	1	1	0	1	1	1	0	1	1	1	1
1087804160	2	1	3	3	0	0	0	0	0	0	0	1	1	1	0	1	0	1	1	0	0	0	0	1	0	1	1	0	0	0	0	1	0	0	0	0	0	0	0	1	1	0	0	0	0	0	0	0	1	1
1086310910	2	1	3	3	0	0	0	0	0	0	1	0	0	0	0	0	0	0	0	0	0	0	0	0	0	0	0	0	0	0	0	0	0	0	0	0	0	0	0	0	0	0	0	0	0	0	0	0	0	0
1086306341	2	1	3	3	0	0	0	0	0	0	1	1	0	0	0	1	0	0	1	0	0	0	0	1	0	1	1	0	0	0	0	0	0	0	0	0	0	0	0	0	0	0	0	0	0	0	0	0	0	0
1083377098	2	1	3	3	0	0	1	1	1	0	1	1	1	1	1	1	0	1	1	0	0	1	0	1	1	1	1	0	1	1	0	1	1	1	0	1	0	0	1	1	1	1	1	0	1	1	1	0	1	0
1083296745	2	1	3	3	0	0	0	1	1	0	1	0	0	1	1	1	1	1	1	1	0	0	0	1	0	1	1	0	0	1	0	1	1	1	0	0	0	0	0	1	1	1	0	1	0	0	1	1	1	1
1083234500	2	1	3	3	0	0	0	0	0	0	1	1	1	1	1	0	1	0	1	1	0	0	0	0	1	0	1	1	0	0	0	0	1	1	0	1	0	0	0	1	1	1	0	1	0	0	0	0	1	1
1082665867	2	1	3	3	0	1	1	1	0	1	0	0	1	1	1	1	1	1	1	1	0	1	1	0	0	1	1	0	1	1	1	1	1	1	0	1	1	1	1	1	0	0	0	1	0	0	1	1	1	1
1078205174	2	1	3	3	0	0	1	1	1	1	1	1	1	1	1	1	1	1	1	1	1	0	1	1	0	1	1	1	0	1	0	1	1	0	0	0	0	0	0	1	1	1	0	1	1	1	1	0	1	1
1078077417	2	1	3	3	0	0	0	1	1	0	1	1	0	1	1	0	1	1	1	1	0	1	1	0	0	0	0	0	0	0	0	1	1	1	0	0	1	0	1	0	0	0	0	0	0	0	0	1	1	1
1078024897	2	1	3	3	1	1	1	1	1	1	1	1	0	0	0	0	1	1	0	0	0	0	0	0	1	0	0	0	1	0	0	0	0	0	0	0	0	0	0	0	0	0	1	0	0	0	0	1	0	0
1076711693	2	1	3	3	1	0	0	0	0	0	0	0	0	0	0	0	0	0	0	0	0	0	0	0	0	0	0	0	0	0	0	0	0	0	0	0	0	0	0	0	0	0	0	0	0	0	0	0	0	0
1075035954	2	1	3	3	1	0	0	1	0	0	0	0	1	1	1	1	0	1	0	0	0	0	0	1	0	0	0	0	0	0	0	0	0	0	0	0	0	0	0	0	0	1	0	0	0	0	0	0	0	0
1073465154	2	1	3	3	1	1	1	0	1	0	1	0	1	1	1	1	1	1	1	0	0	1	1	1	0	1	1	0	0	1	0	0	1	0	0	0	0	0	0	1	1	1	0	0	0	0	0	0	1	1
1073108253	2	1	3	3	0	0	0	1	0	0	0	0	0	0	0	0	1	0	0	0	1	1	0	0	0	0	0	0	0	0	0	0	0	0	1	0	0	1	0	0	0	0	0	0	0	0	0	1	0	0
1066209386	2	1	3	3	0	0	1	0	0	0	0	1	0	0	0	0	1	1	0	0	0	0	0	1	0	1	0	0	1	0	0	0	1	0	0	0	1	1	0	1	0	0	0	0	0	1	0	0	1	0
1055484247	2	1	3	3	0	0	1	1	0	0	0	0	0	1	1	0	1	1	0	0	0	0	1	0	0	1	1	0	0	0	0	1	0	0	1	0	0	0	0	1	1	0	0	0	0	0	1	0	0	0
1051321330	2	1	3	3	0	1	0	1	1	0	1	0	1	0	1	0	1	1	1	0	0	1	0	1	1	1	1	0	0	0	1	1	0	1	0	1	1	0	0	1	0	1	0	1	0	1	1	1	1	1
1051224212	2	1	3	3	0	0	0	1	0	0	1	0	0	0	0	0	0	0	0	0	0	0	0	0	0	0	0	0	0	0	0	0	0	0	0	0	0	0	0	0	0	0	0	0	0	0	0	0	0	0
1046096086	2	1	3	3	0	0	0	0	0	0	0	0	0	0	1	0	1	0	0	0	0	0	0	0	0	0	0	0	0	0	0	0	0	0	0	0	0	0	0	0	0	0	0	1	0	0	0	0	0	1
1046059335	2	1	3	3	0	1	1	0	0	0	0	0	1	1	1	0	1	1	1	0	1	0	0	0	0	1	1	0	0	0	0	1	0	1	0	1	0	1	0	1	0	0	0	1	1	0	0	0	1	0
1044954748	2	1	3	3	0	0	0	0	0	0	1	0	0	1	0	0	1	0	1	0	1	0	1	0	0	0	0	0	0	1	0	0	0	0	1	0	0	0	0	0	0	1	0	0	0	0	0	0	0	0
1044905175	2	1	3	3	0	0	1	0	0	0	0	0	0	1	0	1	1	0	1	0	0	0	0	0	0	0	0	0	0	1	0	0	0	1	0	1	0	0	0	0	0	0	0	0	1	0	0	0	0	0
1044891267	2	1	3	3	0	0	1	0	0	0	0	1	0	0	0	0	1	0	0	0	0	1	0	0	0	0	0	0	0	0	0	0	0	0	0	0	0	0	0	0	0	0	0	0	0	0	0	0	0	0
1043068583	2	1	3	3	0	0	0	1	1	0	0	0	1	1	1	0	0	1	0	0	0	0	1	0	0	1	0	0	0	0	0	0	0	1	0	0	0	1	0	0	0	0	0	0	1	0	0	0	1	0
1041931044	2	1	3	3	0	0	1	1	0	0	0	1	0	1	1	0	1	1	0	0	0	0	0	0	0	1	0	0	0	0	0	0	0	0	0	0	0	0	0	1	0	0	0	0	1	0	0	1	1	0
1041923830	2	1	3	3	0	0	0	0	0	0	1	0	0	0	0	0	1	0	0	0	0	0	0	0	0	0	0	0	0	0	0	0	1	0	0	0	0	0	1	0	0	1	0	0	0	0	0	0	0	1
1038791767	2	1	3	3	0	0	1	0	0	0	1	1	1	1	0	0	1	0	1	0	0	1	0	0	0	0	1	0	0	0	0	0	0	0	0	0	0	1	1	0	0	0	0	0	0	0	0	0	0	0
1038170405	2	1	3	3	0	0	0	0	0	0	0	0	0	1	0	0	0	0	1	0	0	0	0	0	0	0	0	0	0	0	0	0	1	0	0	0	0	0	1	0	0	0	0	0	0	1	0	0	1	0
1035147205	2	1	3	3	0	0	0	0	0	0	0	0	0	1	0	0	1	0	1	0	0	1	0	0	0	0	0	0	0	0	0	0	1	0	0	0	0	0	1	0	0	0	0	0	0	0	1	0	0	0
1099812309	2	1	3	3	0	0	0	0	0	0	1	0	0	0	0	0	0	0	0	0	0	0	0	0	0	0	0	0	0	0	0	0	0	0	0	0	0	0	0	0	0	0	0	0	0	0	0	0	0	0
1095630069	2	1	3	3	0	0	0	0	0	0	0	1	1	0	0	0	1	0	1	0	0	0	0	0	0	0	0	0	0	0	0	0	0	1	0	0	0	0	0	0	0	1	0	0	0	0	0	0	0	0
1094652431	2	1	3	3	1	0	0	1	0	0	0	0	0	0	0	0	0	0	0	0	0	0	0	0	0	0	0	0	0	0	0	0	0	0	0	0	0	1	0	0	0	0	0	0	1	0	0	0	0	0
1090072991	2	1	3	3	0	0	1	0	0	0	0	0	0	0	0	0	0	0	0	0	0	0	0	0	0	0	0	0	0	0	0	0	0	1	0	0	0	0	0	0	0	0	0	0	0	0	0	0	0	0
1085361886	2	1	3	3	0	0	1	0	0	0	0	1	1	0	1	0	0	1	0	0	0	0	0	1	0	0	1	0	0	1	1	1	0	0	0	0	0	0	1	0	1	1	0	1	0	0	1	0	0	1
1085205641	2	1	3	3	1	1	0	0	1	1	1	1	0	1	0	0	1	1	0	1	0	0	1	0	1	0	0	1	1	1	1	0	0	1	0	0	0	1	1	0	1	0	1	0	1	1	0	1	1	0
1084310077	2	1	3	3	0	0	0	0	0	0	0	0	1	0	0	0	0	0	0	0	0	0	1	0	0	0	0	0	0	0	0	0	0	0	0	0	0	0	0	0	0	0	0	0	0	0	0	0	0	0
1084190112	2	1	3	3	0	0	0	0	0	0	1	0	0	0	0	0	0	0	0	0	0	0	0	0	0	0	0	0	0	0	0	0	0	0	0	0	0	0	0	0	0	0	0	0	0	0	0	0	0	0
1084154473	2	1	3	3	0	0	0	0	0	0	0	0	0	0	0	0	0	0	0	0	0	0	0	0	0	0	0	0	0	0	0	0	0	0	0	0	0	0	0	0	0	0	0	0	0	0	0	0	0	0
1084143665	2	1	3	3	0	0	0	0	0	0	1	0	0	0	0	0	0	0	0	0	0	0	0	0	0	0	0	0	0	0	0	0	0	0	0	0	0	0	0	1	0	0	0	0	0	0	0	0	0	0
1083193279	2	1	3	3	0	0	0	0	0	0	0	0	0	0	0	0	1	0	0	0	0	0	0	0	0	0	0	0	0	0	0	0	0	0	0	0	0	0	0	0	0	0	0	0	0	0	0	0	0	0
1083154665	2	1	3	3	0	0	0	0	0	0	0	0	0	0	0	0	1	0	0	0	0	0	0	0	0	0	0	1	0	0	0	0	0	0	0	0	0	0	0	0	0	0	0	0	0	0	1	0	0	0
1083152694	2	1	3	3	0	0	0	0	0	0	1	0	0	0	0	0	1	0	0	0	0	0	0	0	0	1	1	0	0	0	0	0	0	0	0	0	0	0	0	0	0	1	0	0	1	0	0	0	0	0
1083140496	2	1	3	3	1	1	0	0	0	1	0	0	0	0	1	0	1	1	1	1	0	0	0	0	0	1	0	1	0	0	0	0	1	0	0	0	0	0	0	1	1	0	0	0	0	0	1	0	0	0
1083138554	2	1	3	3	1	0	0	0	0	0	0	0	0	1	0	0	0	0	0	0	1	0	0	0	0	0	0	0	0	1	0	0	0	0	0	0	0	0	1	0	0	0	0	0	0	0	0	0	0	0
1083133510	2	1	3	3	0	1	1	0	0	0	0	0	1	0	0	1	1	1	0	0	0	0	0	1	1	0	0	0	0	1	0	0	1	0	0	0	0	0	0	0	0	0	0	0	0	0	0	0	0	0
1083132972	2	1	3	3	0	0	0	0	0	0	0	1	0	0	0	0	1	1	0	0	0	0	0	0	1	0	0	0	0	0	0	0	0	0	0	0	0	0	0	0	0	0	0	0	0	0	0	0	0	0
1083131533	2	1	3	3	0	0	0	0	0	0	0	0	0	0	0	0	0	0	0	0	0	0	0	0	0	0	0	0	0	0	0	0	0	0	0	0	0	0	0	0	0	0	0	0	0	0	0	0	0	0
1083130832	2	1	3	3	0	0	0	0	0	0	0	0	0	1	0	0	0	0	0	0	0	0	1	0	0	0	0	0	0	0	0	1	0	0	0	0	0	0	0	0	1	0	0	0	0	0	1	0	0	0
1079073502	2	1	3	3	0	0	0	0	0	0	0	0	0	1	0	0	1	1	0	0	0	0	0	0	0	0	0	0	0	0	0	0	0	0	0	0	0	0	0	0	0	0	0	0	0	0	0	0	0	0
1077513082	2	1	3	3	0	0	0	0	0	0	1	0	0	0	0	0	1	1	0	0	0	0	0	0	0	0	0	1	0	0	0	0	1	0	0	0	0	0	0	0	0	1	0	0	0	0	0	0	1	1
1077510783	2	1	3	3	1	0	0	0	0	0	1	0	1	0	0	0	0	0	0	0	0	0	0	0	0	1	0	0	0	0	0	1	0	1	0	0	0	1	0	0	0	1	0	0	0	0	0	0	1	1
1077395517	2	1	3	3	0	0	0	0	0	0	0	0	0	0	0	0	0	0	0	0	0	0	0	0	0	0	0	0	0	0	0	0	0	0	0	0	0	0	0	0	0	0	0	0	0	0	0	0	0	0
1077393725	2	1	3	3	0	0	0	0	0	0	0	0	0	0	0	0	0	0	0	0	0	0	0	0	0	0	0	0	0	0	0	0	0	0	0	0	0	0	0	0	0	0	0	0	0	0	0	0	0	0
1075950705	2	1	3	3	0	0	0	0	0	0	0	0	0	0	0	0	0	0	0	0	0	0	0	0	0	0	0	0	0	0	0	0	0	1	0	0	0	0	0	0	0	0	0	0	0	0	0	0	0	0
1075854565	2	1	3	3	0	0	1	0	1	0	0	0	1	1	0	0	1	0	0	0	0	1	1	0	0	1	0	0	0	1	0	0	0	0	0	1	0	1	0	1	0	0	0	0	0	0	0	0	0	0
1075824264	2	1	3	3	0	0	0	0	0	0	0	0	0	1	1	1	0	0	0	0	0	0	0	0	0	0	0	0	0	0	0	0	0	0	0	0	0	0	0	1	1	0	0	0	0	0	1	0	0	0
1075786990	2	1	3	3	0	0	0	0	0	0	0	0	0	0	0	0	0	0	0	0	0	0	0	0	0	0	0	0	0	0	0	0	0	0	0	0	0	0	0	0	0	0	0	0	0	0	0	0	0	0
1075409232	2	1	3	3	1	0	0	0	0	0	0	0	0	0	0	0	1	0	0	0	0	0	0	0	0	0	0	0	0	0	0	0	0	0	1	0	0	0	0	0	0	0	0	0	0	0	0	0	0	0
1074811806	2	1	3	3	0	0	1	0	0	0	0	0	1	0	1	1	1	1	0	0	0	0	0	1	0	0	1	0	0	0	0	0	1	0	0	0	0	0	0	1	0	1	0	0	1	0	0	0	1	0
1074790399	2	1	3	3	0	0	0	0	0	1	0	1	0	0	0	0	1	0	0	0	0	0	0	0	0	1	1	1	0	0	0	0	0	0	0	0	0	0	0	1	0	0	0	0	0	0	1	0	0	0
1074748825	2	1	3	3	0	0	0	0	0	0	0	1	0	0	1	0	1	0	0	0	0	0	0	0	0	0	0	0	0	0	0	1	0	0	0	0	0	1	0	0	0	0	0	0	0	0	0	0	0	0
1074745197	2	1	3	3	1	0	0	0	0	0	0	0	0	0	0	0	0	0	0	0	1	0	0	0	0	0	0	0	0	0	0	0	0	1	1	0	0	0	0	0	0	0	0	0	0	0	0	0	0	0
1074732418	2	1	3	3	0	0	0	0	0	0	0	0	0	0	0	0	0	0	0	0	0	0	0	1	0	0	0	0	0	0	0	0	0	0	0	0	0	0	0	1	0	0	0	0	1	0	0	0	0	0
1074717392	2	1	3	3	1	0	0	0	0	0	0	0	0	1	0	0	1	1	1	0	0	0	1	0	0	0	0	0	0	0	0	0	1	1	0	1	0	0	0	1	0	1	0	0	0	0	0	0	0	1
1074715252	2	1	3	3	0	0	1	1	0	0	1	1	1	0	0	0	1	0	1	1	1	0	0	0	0	0	0	0	0	0	0	1	0	0	0	0	0	1	1	0	0	0	0	0	0	0	0	1	0	0
1074713659	2	1	3	3	0	0	0	0	0	0	1	0	0	0	0	0	1	0	1	0	0	0	0	0	0	0	0	0	0	0	0	0	0	0	0	0	0	0	0	0	0	0	0	0	0	0	0	0	0	0
1074712520	2	1	3	3	0	0	0	0	0	0	0	0	0	1	0	0	1	0	0	0	0	0	0	0	0	0	0	0	0	0	0	0	1	0	0	0	0	0	0	0	0	0	0	0	0	0	1	0	0	1
1074711792	2	1	3	3	0	1	0	0	0	1	0	0	0	0	0	0	1	0	0	0	1	0	0	0	0	1	0	1	0	0	0	0	0	0	0	0	1	0	0	0	0	0	0	0	0	0	1	0	0	0
1080319809	2	1	3	3	0	0	0	0	0	0	1	0	1	1	0	0	1	0	1	0	0	0	0	0	0	0	0	0	0	0	0	0	1	1	0	0	0	1	1	0	0	0	0	0	0	0	0	0	0	1
1078570050	2	1	3	3	0	1	0	0	1	1	1	0	1	1	1	1	1	1	1	1	0	0	0	1	0	1	1	0	0	0	0	0	1	1	0	1	0	1	1	1	1	0	0	0	1	0	1	0	1	1
1064283159	2	1	3	3	0	0	0	1	0	0	1	1	1	0	0	0	1	0	1	0	0	1	0	0	0	0	0	0	0	0	0	1	0	1	0	0	0	1	0	0	0	0	0	0	0	0	0	0	1	1
1130774141	2	1	3	3	0	1	0	1	1	0	1	0	1	1	1	1	1	0	1	0	0	0	1	0	0	1	0	0	0	0	0	1	1	0	0	1	0	1	0	1	1	1	1	0	0	0	1	1	1	1
1088742794	2	1	3	3	1	0	1	1	0	0	0	0	1	1	1	1	0	1	1	1	0	1	0	1	0	1	1	0	0	1	0	1	1	1	0	1	0	1	1	1	1	1	0	1	1	1	0	1	1	0
1084162236	2	1	3	3	0	0	0	0	0	0	0	1	0	0	0	0	1	0	0	0	0	0	0	1	0	0	0	0	0	0	0	0	0	0	0	0	0	0	1	1	0	0	0	0	0	0	0	0	0	0
1084156304	2	1	3	3	0	0	0	0	0	0	0	0	1	0	1	1	1	0	1	0	0	0	0	1	0	1	0	0	0	0	0	0	1	0	0	0	0	0	0	0	0	0	0	0	1	0	1	0	0	1
1084136319	2	1	3	3	0	0	0	1	0	0	1	1	0	0	0	0	0	0	0	0	0	1	1	0	0	0	0	0	0	0	0	0	0	0	0	0	1	0	0	0	0	0	0	0	0	0	0	0	0	0
1081326826	2	1	3	3	1	1	1	1	0	0	1	0	0	0	0	0	1	0	1	0	0	0	0	1	0	0	1	1	0	0	0	0	0	0	0	1	0	0	1	0	0	0	0	0	0	0	1	1	1	0
1079038891	2	1	3	3	0	0	0	0	0	0	1	0	1	1	0	1	1	1	1	1	0	0	1	0	0	1	1	0	0	1	0	0	1	0	0	1	0	0	0	0	1	1	0	0	0	0	1	0	1	1
1077432213	2	1	3	3	0	1	0	0	0	0	1	1	0	1	0	0	1	0	0	0	0	0	1	0	0	0	0	0	0	0	0	0	0	0	0	0	0	0	0	0	0	0	0	0	0	0	0	0	0	0
1077067479	2	1	3	3	0	0	0	1	1	0	1	0	0	0	0	0	1	0	0	0	0	1	0	0	0	0	0	0	0	0	0	0	0	0	0	0	0	1	1	0	0	0	0	0	0	0	0	1	0	0
1073452481	2	1	3	3	0	1	0	0	0	0	0	0	0	1	0	0	0	0	0	0	0	0	0	0	1	0	0	0	0	0	0	0	1	0	0	0	0	0	0	0	0	0	0	1	1	0	0	0	0	0
1062368267	2	1	3	3	0	1	0	1	0	0	1	1	1	1	1	1	1	1	1	1	0	1	1	1	0	0	0	0	1	1	0	1	1	0	0	0	0	0	1	1	1	1	0	1	0	0	0	0	0	0
1061466347	2	1	3	3	1	0	1	0	0	0	1	0	1	1	0	1	1	1	1	0	0	0	0	1	0	0	0	0	0	1	0	1	1	1	0	0	1	0	1	0	0	0	0	0	1	0	1	0	1	1
1154834840	2	1	3	3	0	1	1	0	0	1	1	1	0	1	0	1	1	1	1	1	0	0	1	1	0	1	1	1	0	0	0	1	1	0	0	0	0	0	0	1	0	1	0	1	1	0	1	0	0	1
1090090891	2	1	3	3	0	0	0	0	0	0	1	1	0	0	0	0	1	1	0	0	0	0	0	0	0	0	0	0	0	0	0	1	0	0	0	0	0	0	0	0	0	0	0	0	0	0	0	0	0	0
1088133279	2	1	3	3	0	0	0	1	0	0	1	0	1	0	0	1	1	1	1	1	1	1	1	1	0	1	1	1	0	0	0	1	1	0	1	1	1	1	1	1	1	1	0	1	0	0	0	1	1	1
1088131294	2	1	3	3	0	0	0	1	0	0	1	1	0	0	0	1	1	1	1	1	0	1	0	0	0	0	1	0	0	0	0	1	1	0	0	0	0	0	0	0	0	1	0	1	0	0	0	1	0	1
1088073241	2	1	3	3	0	1	0	0	0	0	1	1	1	1	1	1	1	1	1	1	0	1	1	1	0	1	1	1	0	0	0	1	1	0	0	1	0	0	1	1	1	1	0	0	0	0	1	0	1	1
1088072197	2	1	3	3	1	0	0	1	0	0	1	0	1	1	0	1	1	1	1	0	0	1	0	0	0	1	0	0	0	0	0	1	1	0	0	1	0	0	0	1	1	1	0	0	0	0	0	0	1	0
1088070724	2	1	3	3	0	0	1	0	1	0	1	0	0	1	1	0	1	1	0	1	0	0	1	0	0	0	0	0	0	1	0	1	0	0	0	1	0	0	1	1	1	1	0	1	0	0	1	0	1	0
1088068412	2	1	3	3	0	1	1	0	0	1	1	1	1	1	1	1	1	1	1	1	1	1	1	1	0	1	0	1	0	0	0	1	0	1	1	1	0	1	1	1	1	1	0	0	0	0	1	1	1	1
1088067542	2	1	3	3	0	0	1	0	0	0	1	0	1	0	0	0	1	0	0	0	0	0	0	0	0	1	1	1	0	0	0	0	1	0	0	0	0	0	0	0	0	0	0	0	1	0	0	0	0	0
1088066519	2	1	3	3	0	0	1	1	0	0	1	1	1	1	1	1	1	1	1	1	0	1	1	1	0	1	1	1	0	1	1	1	1	0	0	1	0	0	1	1	1	1	0	1	0	0	0	1	0	1
1086328690	2	1	3	3	0	0	1	1	1	1	1	1	1	1	0	1	1	1	1	1	0	1	1	1	0	1	1	1	0	1	1	1	1	1	0	1	1	0	1	1	1	1	0	1	1	1	1	1	1	1
1078184521	2	1	3	3	0	0	0	0	0	0	0	0	1	1	0	0	1	1	1	0	0	0	0	0	0	0	0	0	0	0	0	0	1	0	0	0	0	0	0	1	0	0	0	0	0	0	0	0	1	1
1077549692	2	1	3	3	0	0	0	0	0	0	0	0	0	0	0	0	0	0	0	0	0	0	0	0	0	0	0	0	0	0	0	0	0	0	1	0	0	0	0	0	0	0	0	0	0	0	0	0	0	0
1053192445	2	1	3	3	1	0	0	1	0	0	0	0	0	1	0	0	1	1	0	0	0	0	1	0	0	0	0	0	0	0	1	0	0	1	0	0	0	0	1	0	0	1	0	0	0	0	0	0	0	0
1048566467	2	1	3	3	1	0	0	0	0	0	1	0	1	1	0	0	1	0	1	0	1	0	0	0	0	0	1	0	0	0	0	0	0	0	1	0	0	0	0	1	0	0	0	0	1	0	0	0	1	0
1048563665	2	1	3	3	0	0	1	0	0	1	1	0	0	1	0	1	1	0	0	0	0	0	0	0	0	0	0	1	0	0	0	0	0	1	0	0	0	0	1	0	1	1	0	1	1	1	1	0	0	0
1044676468	2	1	3	3	0	1	1	1	1	0	0	0	0	1	1	1	1	0	1	1	1	1	1	0	0	1	1	0	1	0	0	0	0	1	0	0	0	0	1	0	0	0	0	1	1	1	0	1	0	1
1041781062	2	1	3	3	0	0	1	0	0	0	0	0	1	1	0	0	0	0	0	0	0	0	0	0	0	1	0	0	0	0	0	1	1	0	0	0	0	0	1	1	1	0	0	0	0	0	0	0	0	0
1039435161	2	1	3	3	0	0	0	0	0	0	1	0	0	0	0	0	0	0	0	0	1	0	0	0	1	0	0	0	0	0	0	0	0	0	1	0	0	0	0	0	0	0	1	0	0	0	0	0	0	0
1044890705	2	2	1	4	1	1	0	0	1	1	0	0	0	1	0	0	1	0	1	0	0	0	0	0	1	1	1	1	0	0	0	0	0	0	0	0	0	0	0	1	0	1	1	0	1	0	1	0	0	1
1044887331	2	2	1	4	0	0	1	0	0	0	0	0	0	1	1	1	1	0	1	0	0	0	0	0	0	1	0	0	0	0	0	0	1	0	0	0	0	1	1	0	0	0	0	1	1	1	0	0	0	1
1044843019	2	2	1	4	0	0	0	0	1	1	0	0	0	0	0	0	1	0	0	0	0	1	0	0	1	0	1	0	0	0	0	0	1	1	0	0	0	1	0	1	0	0	0	0	0	0	0	0	0	0
1041932008	2	2	1	4	0	0	1	0	1	0	0	0	0	1	1	1	1	1	1	0	0	0	0	1	0	1	0	0	0	0	0	0	1	0	0	0	0	0	1	0	0	0	0	0	0	0	0	0	1	0
1041901001	2	2	1	4	0	0	1	0	0	0	0	0	0	1	1	0	0	0	1	1	0	0	0	1	0	1	0	0	0	1	0	0	1	1	0	0	1	0	1	0	0	1	0	0	1	0	0	0	0	1
1041897155	2	2	1	4	0	0	0	0	0	0	0	0	0	1	1	1	1	1	1	0	0	0	0	0	1	1	0	0	0	0	0	0	1	1	0	1	0	1	1	1	1	0	0	0	0	0	1	1	0	1
1041836387	2	2	1	4	0	1	0	1	1	0	0	0	1	1	1	0	0	1	0	0	0	1	0	1	1	0	1	0	1	0	0	1	0	0	0	1	0	0	0	1	0	1	0	1	0	1	0	1	1	0
1040734649	2	2	1	4	0	0	1	0	1	0	0	1	0	1	1	1	1	1	1	1	0	0	0	0	1	1	0	1	0	0	0	0	0	0	0	0	0	0	0	1	1	1	1	0	0	0	0	0	0	0
1040523005	2	2	1	4	1	1	0	0	0	1	0	0	1	1	0	0	1	0	1	1	0	0	0	1	1	1	0	0	0	0	0	0	1	1	0	1	0	0	0	0	0	0	1	0	0	0	1	0	1	1
1039431364	2	2	1	4	0	0	0	0	0	0	1	0	0	1	0	1	0	0	0	0	1	0	0	0	0	0	0	0	0	0	0	0	1	0	0	0	0	0	0	0	0	1	0	0	0	0	0	1	0	0
1103487702	2	2	1	4	0	0	1	1	1	1	0	0	1	0	0	1	1	0	1	0	1	0	0	1	1	1	1	1	1	0	0	0	0	0	0	1	1	0	0	1	1	0	0	1	1	0	1	0	1	1
1091954383	2	2	1	4	0	0	0	0	1	0	0	1	1	1	1	0	0	0	1	0	0	0	0	1	0	1	1	0	0	0	0	0	0	1	0	0	0	1	0	0	1	1	0	0	0	0	1	0	1	0
1090263716	2	2	1	4	0	0	0	0	0	0	1	1	0	0	0	0	0	0	0	0	0	0	0	0	0	1	0	0	0	0	0	0	0	0	0	0	0	0	0	0	0	1	0	0	0	0	0	0	0	0
1083414991	2	2	1	4	0	0	1	0	1	1	1	1	1	1	1	1	1	1	1	1	0	1	1	1	0	1	1	0	0	1	0	1	1	1	0	1	1	0	1	1	1	1	0	0	0	0	1	1	1	1
1083298354	2	2	1	4	0	0	1	1	1	1	1	1	1	1	1	1	1	1	1	1	0	1	1	1	0	1	1	1	1	1	1	1	1	0	0	1	1	0	1	1	1	1	0	0	0	0	1	0	1	1
1082657744	2	2	1	4	1	1	1	1	1	1	1	1	1	1	1	1	1	1	1	1	1	1	1	1	1	1	1	1	1	1	1	1	1	1	1	1	1	0	1	1	1	1	1	1	1	1	1	1	1	1
1082623741	2	2	1	4	0	0	1	1	0	0	1	1	1	1	1	1	1	1	1	1	0	1	1	1	0	1	1	0	0	1	0	1	1	0	0	1	0	0	1	1	1	1	1	0	1	0	1	0	1	1
1079147780	2	2	1	4	1	0	0	1	0	0	0	0	0	0	1	0	0	0	1	0	0	1	0	0	0	0	0	0	0	0	0	0	0	1	1	0	0	0	0	0	0	0	0	0	0	0	0	0	0	0
1061218618	2	2	1	4	0	0	1	0	0	0	0	0	1	1	0	1	1	0	0	0	0	0	0	0	0	1	0	0	0	0	0	0	1	1	0	0	0	1	1	1	0	0	0	0	0	0	0	0	1	0
1060907124	2	2	1	4	0	0	1	0	0	0	0	0	0	0	0	0	1	0	0	0	0	0	0	0	0	0	0	0	0	0	0	0	0	0	0	0	0	1	0	0	0	0	0	0	0	0	0	0	0	0
1058818328	2	2	1	4	0	0	0	0	1	0	1	0	1	1	1	0	1	1	1	1	0	0	0	0	0	0	0	0	0	0	0	1	0	1	0	0	0	0	0	0	0	0	0	0	0	0	1	0	0	0
1055867640	2	2	1	4	0	1	0	0	1	0	0	1	0	1	0	0	0	1	1	1	0	0	0	0	0	0	0	1	0	0	0	0	0	1	0	0	0	1	1	0	0	0	0	0	0	0	0	1	0	1
1053442797	2	2	1	4	0	1	1	0	1	1	0	1	1	1	1	1	1	1	1	1	0	1	1	1	0	1	1	1	1	1	1	1	1	0	1	1	0	1	1	1	1	1	0	0	1	0	1	0	1	1
1053095418	2	2	1	4	0	0	0	1	1	0	0	0	1	1	0	1	1	0	1	1	0	1	1	0	0	0	1	0	0	1	0	1	1	0	0	0	1	0	1	1	1	0	0	1	1	0	0	1	0	0
1051573271	2	2	1	4	1	0	0	1	1	0	0	1	0	1	0	0	0	0	1	1	1	1	1	0	0	0	0	0	0	1	1	1	0	1	1	0	1	1	1	1	0	0	0	0	0	0	0	1	0	0
1043005674	2	2	1	4	0	0	0	0	0	0	1	0	0	0	0	0	1	0	0	0	0	0	0	0	0	0	0	0	0	1	0	0	0	0	0	0	0	1	0	0	0	0	0	0	0	0	0	0	0	0
1041929347	2	2	1	4	0	0	1	0	0	0	1	0	0	1	1	0	1	0	1	0	0	1	0	1	0	0	0	0	0	0	0	0	0	0	1	0	0	0	1	0	0	0	0	1	0	1	0	0	1	1
1040510638	2	2	1	4	1	0	0	0	1	1	0	0	0	1	0	0	1	0	1	1	0	0	1	0	1	1	0	1	0	1	0	0	0	1	0	0	0	0	1	0	0	0	0	0	0	0	1	0	0	0
1039548366	2	2	1	4	0	0	1	1	0	0	0	0	0	1	0	0	1	0	0	0	0	0	0	0	0	0	0	0	0	0	0	0	0	0	0	0	0	1	0	0	0	0	0	0	0	0	0	0	0	0
1039504589	2	2	1	4	1	1	1	0	0	0	1	0	0	1	0	0	1	0	0	1	0	1	1	0	0	1	0	0	0	0	0	1	0	1	0	0	0	1	0	0	0	0	0	0	0	0	0	0	0	0
1039429456	2	2	1	4	1	0	1	0	0	0	0	0	1	1	1	1	1	1	1	1	0	1	1	1	0	1	1	0	0	0	1	1	1	1	0	0	1	0	1	0	1	0	0	0	0	0	1	1	0	1
1037718474	2	2	1	4	0	0	0	0	0	0	0	0	0	0	0	0	1	0	0	0	1	1	0	0	0	0	0	0	0	0	0	0	0	1	0	0	0	1	0	0	0	0	0	0	0	0	0	0	0	0
1094449722	2	2	1	4	0	0	1	0	0	0	0	0	0	0	1	0	1	1	1	0	0	0	0	0	0	1	1	1	0	0	0	0	0	1	0	0	0	0	1	0	0	0	0	0	0	0	0	0	0	0
1085247342	2	2	1	4	1	0	0	0	1	0	0	0	0	0	0	0	0	0	0	1	0	0	1	0	0	0	0	0	0	1	0	0	0	1	0	0	0	1	0	0	0	0	0	0	0	0	0	0	0	1
1084407531	2	2	1	4	1	1	0	0	1	0	0	0	1	1	1	1	1	1	1	1	0	1	1	1	0	0	1	0	0	1	0	0	1	0	0	0	0	1	1	1	1	0	0	1	0	0	0	0	1	0
1084256247	2	2	1	4	1	0	0	0	0	0	0	0	0	0	0	0	1	0	0	0	1	0	0	1	0	0	0	0	0	0	0	1	0	0	1	0	0	0	0	0	0	0	0	0	0	0	0	0	0	0
1084201032	2	2	1	4	1	0	0	0	0	0	1	0	0	0	0	0	0	0	0	0	0	0	0	0	0	0	0	0	0	0	0	0	0	1	0	0	0	0	0	0	0	0	0	0	0	0	0	0	0	0
1084186652	2	2	1	4	1	1	0	0	0	1	0	0	0	0	0	0	1	0	1	0	0	0	0	1	1	1	0	1	0	0	1	0	0	0	0	1	1	0	0	1	0	1	1	0	0	1	1	0	0	1
1084165120	2	2	1	4	1	0	0	0	0	0	0	0	0	1	0	0	1	1	0	0	0	0	1	1	0	0	1	1	0	1	0	0	0	1	1	1	0	0	0	0	1	0	0	0	0	0	1	0	1	1
1084124731	2	2	1	4	0	0	0	0	0	0	0	0	1	0	0	1	1	0	0	0	0	0	0	0	1	1	0	0	0	1	0	0	1	1	0	0	0	1	0	1	0	0	1	1	0	0	0	0	0	0
1084123421	2	2	1	4	1	0	0	0	0	0	0	0	0	1	0	0	1	1	1	1	1	0	0	0	0	0	0	0	0	0	0	0	0	1	0	0	0	0	0	0	0	1	0	1	0	0	0	0	0	1
1083178534	2	2	1	4	0	0	0	0	0	0	1	1	0	1	0	1	0	0	1	0	0	0	0	0	0	0	0	0	0	0	0	0	0	0	0	0	0	0	0	0	0	0	0	0	0	0	0	0	0	0
1083138414	2	2	1	4	1	0	1	0	0	1	0	0	0	0	1	1	1	0	0	0	0	0	0	1	0	1	1	1	0	0	0	0	1	0	0	0	0	0	0	0	1	0	0	0	0	0	1	0	1	1
1083135582	2	2	1	4	0	1	1	0	1	0	0	0	0	1	0	0	0	1	1	0	0	1	0	0	0	1	0	0	0	0	0	0	1	1	0	1	0	0	0	0	0	0	0	0	1	1	1	0	0	0
1083131562	2	2	1	4	0	0	1	0	0	0	0	0	0	1	1	0	0	0	0	0	0	0	0	0	0	0	0	0	0	0	0	0	0	0	0	0	0	0	0	0	0	0	0	0	0	0	0	0	0	0
1080352247	2	2	1	4	0	0	0	0	0	0	0	0	0	0	0	0	1	0	1	0	0	0	0	1	0	0	0	0	0	0	0	0	0	1	0	0	0	1	0	0	0	0	0	0	0	0	0	0	0	0
1078045750	2	2	1	4	0	0	0	0	0	0	0	0	0	0	0	0	0	0	0	1	0	0	0	0	0	0	0	0	0	0	0	0	0	1	0	0	0	1	0	0	0	0	0	0	0	0	0	0	0	1
1077940997	2	2	1	4	0	0	0	0	0	0	0	0	0	1	0	1	1	0	0	0	0	0	0	0	0	0	0	1	0	0	0	0	1	0	0	0	0	1	0	0	0	0	0	0	0	0	0	0	1	0
1077421351	2	2	1	4	0	1	0	0	0	0	0	0	1	1	0	1	0	0	1	0	1	0	0	0	0	0	0	0	0	1	0	1	0	1	1	0	0	0	0	0	0	0	0	0	0	0	0	0	1	0
1077400030	2	2	1	4	1	1	1	0	0	0	1	0	0	1	1	0	1	1	1	1	0	1	0	0	0	1	1	1	0	0	0	0	0	0	0	0	0	0	1	1	0	0	0	0	0	0	1	0	1	1
1077390409	2	2	1	4	0	0	0	0	0	0	0	1	0	1	0	0	1	0	1	1	0	0	0	0	0	1	0	0	0	0	0	0	0	1	0	0	0	1	0	0	0	0	0	1	0	0	0	0	0	0
1075822110	2	2	1	4	0	0	1	0	0	0	1	0	0	1	1	1	0	0	1	0	0	0	0	0	0	0	1	1	0	0	0	0	1	1	1	0	0	0	0	1	0	0	0	0	1	0	0	0	0	0
1075815559	2	2	1	4	0	0	1	0	0	0	1	0	0	0	0	0	0	0	0	0	0	0	0	0	0	1	1	1	0	0	0	0	0	0	0	0	0	1	0	0	0	0	0	0	0	1	0	0	0	0
1075766082	2	2	1	4	0	0	1	0	0	0	1	0	1	1	0	1	1	0	1	0	0	1	1	1	0	0	0	0	0	1	0	0	1	1	0	0	0	1	1	1	0	1	0	0	0	0	0	0	1	1
1075552063	2	2	1	4	0	0	1	0	1	1	0	0	1	1	1	0	1	1	1	0	0	1	0	0	0	1	0	1	0	0	0	0	0	1	0	1	0	0	1	1	1	0	0	0	1	0	1	0	1	0
1074829240	2	2	1	4	1	0	1	0	0	0	0	1	0	1	1	0	0	0	1	0	1	0	1	1	0	0	0	0	0	1	0	0	1	0	0	1	0	0	0	0	0	0	0	0	0	0	0	0	0	0
1074730860	2	2	1	4	1	1	1	1	1	1	0	0	1	1	1	1	1	0	0	1	0	1	1	1	1	1	1	1	1	1	1	1	1	1	0	0	1	1	1	0	0	1	1	0	0	0	1	0	1	1
1074719825	2	2	1	4	0	0	1	0	0	0	1	0	1	1	0	1	1	0	1	0	0	0	0	0	1	1	1	0	0	0	0	0	1	0	0	0	0	0	0	0	1	1	0	0	0	0	1	0	0	1
1074718018	2	2	1	4	0	0	0	0	0	0	1	0	0	0	0	0	0	0	0	0	0	1	0	0	0	0	0	0	0	0	0	0	1	0	0	0	0	0	0	1	0	0	0	0	0	0	0	0	1	0
1074717881	2	2	1	4	1	0	0	0	0	1	0	0	0	0	0	1	1	0	1	0	1	0	0	0	0	0	0	0	0	0	0	0	1	1	0	0	0	0	0	1	0	0	0	0	0	0	0	0	0	0
1074716070	2	2	1	4	1	0	1	0	1	0	0	0	0	0	1	0	1	0	0	0	0	0	0	0	1	0	0	0	1	0	0	0	0	0	0	0	0	0	0	0	0	0	1	0	0	0	0	0	0	0
1074716045	2	2	1	4	1	0	1	0	0	0	0	0	1	0	0	1	1	0	1	0	0	0	0	1	1	1	0	1	1	0	0	0	0	0	0	0	0	0	0	0	1	0	1	0	0	0	1	0	0	0
1074713140	2	2	1	4	1	1	0	0	1	0	0	0	0	0	0	0	1	0	1	1	0	1	0	0	0	0	0	0	1	1	1	0	0	1	0	0	0	0	1	0	0	0	0	0	0	0	0	0	1	0
1074711693	2	2	1	4	0	0	0	0	0	0	0	0	0	1	0	0	1	0	1	0	0	0	1	0	0	0	0	0	0	1	0	0	0	1	0	0	0	1	1	1	0	0	0	0	0	0	1	0	0	0
1100862967	2	2	1	4	0	0	0	1	0	0	1	0	0	0	0	1	1	0	1	0	0	1	0	1	0	0	1	0	0	1	0	0	1	1	0	0	0	1	1	0	0	0	0	0	0	0	0	1	0	1
1088828807	2	2	1	4	0	0	0	0	0	0	1	0	0	1	0	0	1	0	1	0	0	0	0	1	0	1	0	1	0	0	0	0	1	0	0	1	0	1	1	1	0	0	0	0	0	0	0	0	0	1
1086349128	2	2	1	4	1	0	1	1	0	0	0	0	0	0	0	0	1	0	0	0	0	0	1	0	0	1	0	0	0	0	1	0	0	1	0	0	0	1	0	0	0	0	0	0	1	0	0	1	0	0
1084201102	2	2	1	4	0	0	0	1	0	0	0	1	1	1	0	0	0	1	1	1	0	1	1	0	1	0	0	0	0	1	0	1	1	1	0	0	0	0	1	0	0	0	0	0	0	0	0	1	1	1
1084170548	2	2	1	4	1	0	1	0	0	0	0	0	0	1	0	1	1	0	0	0	1	0	0	0	0	0	0	0	0	0	0	0	1	1	1	0	0	0	0	0	0	1	0	0	0	0	0	0	0	0
1081446461	2	2	1	4	0	1	0	0	0	1	1	0	0	1	0	0	1	0	1	1	0	0	0	1	0	0	0	0	0	0	0	0	1	1	0	0	0	1	1	0	0	0	0	0	0	0	1	0	0	1
1081433257	2	2	1	4	0	0	0	1	0	0	0	0	0	1	0	1	1	0	1	0	0	1	0	0	0	0	0	0	0	0	0	0	1	0	0	0	1	1	0	0	0	0	0	0	0	0	0	1	1	0
1081326705	2	2	1	4	0	0	0	0	1	0	0	0	1	1	0	1	1	0	0	0	0	0	0	0	0	0	0	0	0	0	1	0	1	0	0	0	0	0	1	0	0	0	0	0	0	0	0	0	0	1
1079116196	2	2	1	4	1	1	0	0	0	0	1	0	0	0	0	0	1	0	1	0	0	0	0	0	0	1	0	0	0	0	1	0	0	0	0	0	0	1	1	1	0	0	0	0	0	0	1	0	0	1
1079107022	2	2	1	4	0	0	0	0	0	0	0	0	1	1	0	0	0	0	1	0	0	0	0	0	0	0	1	0	0	0	0	1	0	0	0	0	0	0	0	1	1	0	0	0	0	0	1	0	0	0
1079055687	2	2	1	4	0	1	0	1	1	1	0	1	0	1	0	0	1	0	0	0	0	1	0	0	0	0	0	1	0	1	0	0	0	0	0	0	0	1	1	0	0	1	0	0	0	0	0	1	0	1
1079035021	2	2	1	4	1	1	1	0	0	0	0	0	0	1	0	0	1	0	0	0	0	0	1	0	0	0	0	0	0	0	0	0	0	0	1	0	0	1	0	0	0	1	0	0	0	0	0	0	0	0
1078262441	2	2	1	4	1	1	1	1	1	1	1	1	0	1	1	0	0	1	1	1	0	1	0	0	1	1	1	0	1	0	0	0	0	1	1	1	0	0	0	1	1	1	1	0	1	0	0	1	0	0
1078215086	2	2	1	4	0	0	0	1	1	0	0	1	0	1	0	0	1	1	1	0	0	1	0	1	0	1	0	0	0	0	0	0	0	0	0	1	0	1	1	0	1	0	0	0	1	0	0	0	1	0
1078214134	2	2	1	4	0	0	0	0	0	0	1	0	1	1	0	1	1	0	1	0	0	0	0	0	1	0	1	0	0	1	0	1	1	0	0	0	0	0	0	1	0	0	0	0	0	0	1	0	0	1
1078197169	2	2	1	4	0	1	1	1	0	0	1	1	0	1	1	1	1	0	1	0	0	1	0	0	0	0	0	0	0	0	0	1	1	1	0	0	1	1	1	1	1	0	0	0	0	0	0	1	1	0
1074779744	2	2	1	4	0	0	0	1	0	0	0	1	1	1	0	0	1	1	1	1	0	1	1	0	0	0	0	0	0	0	0	1	0	1	0	0	0	1	1	1	0	0	0	0	0	0	0	1	1	0
1074717440	2	2	1	4	0	0	0	1	0	0	0	1	0	0	0	0	0	0	0	1	0	1	0	0	0	0	0	0	0	0	0	0	0	0	0	0	0	0	0	0	0	0	0	0	0	0	0	1	0	0
1072454275	2	2	1	4	0	1	0	0	0	1	0	1	0	0	0	0	1	0	1	0	1	1	0	1	0	0	0	0	0	0	0	0	1	0	0	0	0	1	0	1	0	0	0	0	0	0	1	0	0	1
1072242038	2	2	1	4	0	0	0	0	0	0	0	1	0	1	0	0	1	0	0	0	0	1	0	0	0	0	0	0	0	0	0	0	1	0	0	0	0	1	0	0	0	0	0	0	0	0	0	0	0	0
1072241066	2	2	1	4	0	0	0	1	0	0	0	1	0	1	0	0	0	1	1	1	0	1	1	0	0	1	0	0	0	1	0	0	0	1	0	0	0	1	0	0	0	0	0	0	0	0	0	1	0	0
1069559646	2	2	1	4	0	0	1	0	0	1	0	0	0	1	0	1	1	0	1	0	0	0	0	0	0	0	1	0	0	0	0	0	0	1	0	0	0	0	0	0	0	0	0	0	0	0	0	0	0	0
1069449312	2	2	1	4	0	0	0	0	0	0	0	0	0	1	0	0	0	0	0	0	0	1	0	0	0	0	0	0	0	0	0	0	0	0	0	0	0	1	0	0	0	0	0	0	0	0	0	0	0	0
1069284452	2	2	1	4	0	0	0	0	0	0	1	0	0	1	1	0	1	0	1	0	0	0	0	1	0	1	0	0	0	0	0	0	0	0	0	0	0	0	0	0	0	0	0	0	0	0	0	0	0	0
1069005336	2	2	1	4	1	1	1	0	1	1	1	1	1	1	1	1	1	1	1	1	0	1	0	1	1	0	1	1	1	0	0	0	1	1	0	0	1	1	1	0	1	1	1	0	0	0	1	1	1	0
1067375906	2	2	1	4	0	1	0	0	1	1	0	0	1	1	1	0	1	1	0	1	0	1	1	0	1	1	0	0	1	1	0	0	0	0	0	0	0	0	1	0	0	0	0	0	1	0	0	0	0	0
1067332994	2	2	1	4	0	0	0	0	1	0	1	1	1	1	1	1	1	1	1	1	0	1	0	1	0	1	1	0	0	1	0	1	1	1	0	0	0	1	1	1	1	0	0	1	0	0	0	0	1	1
1067096809	2	2	1	4	0	1	1	0	0	0	0	0	1	1	1	1	1	0	0	0	0	1	0	0	0	1	0	0	0	0	0	1	1	1	0	1	0	1	1	1	0	0	0	0	1	0	1	0	0	0
1067071162	2	2	1	4	0	0	0	1	0	0	0	1	0	0	0	0	1	0	0	1	0	0	1	0	0	0	0	0	0	0	0	0	0	1	0	0	0	1	1	0	0	0	0	0	0	0	0	0	0	0
1067011053	2	2	1	4	0	0	0	0	0	0	1	0	0	0	0	1	1	1	0	0	0	0	0	0	0	1	0	0	0	0	0	0	1	1	0	1	0	1	0	0	1	0	0	0	0	0	0	0	0	0
1066748366	2	2	1	4	0	1	0	0	0	0	1	1	0	1	0	0	1	0	0	0	0	0	1	0	0	0	0	0	0	1	0	0	1	1	0	0	0	1	0	0	0	0	0	1	0	0	0	0	0	0
1066455099	2	2	1	4	0	0	0	0	0	0	0	0	0	1	0	0	1	0	0	0	0	1	0	0	0	0	0	0	0	0	0	0	0	1	0	0	0	1	1	0	0	0	0	0	0	0	0	0	0	0
1066338885	2	2	1	4	0	0	0	1	0	0	0	1	0	1	0	0	0	0	0	0	0	0	1	0	0	0	0	0	0	0	0	1	1	0	0	0	0	1	1	0	0	0	0	0	0	0	0	0	0	0
1066308243	2	2	1	4	0	1	1	1	1	0	1	1	1	1	1	1	1	1	1	1	0	1	1	1	1	1	0	0	0	1	1	1	1	0	0	0	0	0	1	1	0	1	1	1	0	0	1	1	0	1
1066301543	2	2	1	4	1	0	0	1	1	0	0	0	0	1	0	0	0	0	0	1	0	1	0	0	0	0	0	0	0	0	0	0	0	0	0	0	0	0	0	0	0	0	0	0	0	0	0	1	0	0
1066282385	2	2	1	4	0	0	0	0	0	0	0	1	0	1	0	0	1	1	0	0	0	1	1	0	0	0	0	0	0	1	0	0	1	1	0	0	0	1	0	0	0	0	0	0	0	0	0	1	0	1
1066270088	2	2	1	4	0	0	0	1	0	0	1	0	0	0	0	0	1	1	0	1	0	0	0	0	0	1	0	1	0	0	0	1	1	1	0	1	1	1	1	1	0	0	0	0	0	0	1	1	1	0
1066173483	2	2	1	4	0	0	1	0	1	0	1	0	1	1	1	0	1	1	1	1	0	0	1	1	1	1	1	1	0	1	1	1	1	0	1	1	1	0	1	1	0	1	1	0	1	1	1	0	1	1
1064651770	2	2	1	4	0	0	0	0	0	0	0	0	0	1	0	0	1	0	1	0	0	1	0	0	0	0	0	0	0	0	0	0	0	0	0	0	0	0	0	0	0	0	0	0	0	0	0	0	1	0
1154828705	2	2	1	4	0	1	1	0	1	0	1	1	0	1	1	0	1	1	1	1	0	1	1	0	0	1	0	1	1	1	0	0	1	0	0	0	0	0	1	0	0	1	0	1	1	1	1	0	1	0
1102538546	2	2	1	4	0	0	0	1	1	1	1	0	1	1	1	1	1	1	0	1	0	0	0	1	1	1	1	1	0	1	0	0	1	0	0	1	1	1	1	1	1	1	1	1	0	0	1	0	1	1
1090163694	2	2	1	4	0	1	1	0	1	1	1	0	1	1	1	1	1	1	1	1	0	0	1	0	1	1	1	1	1	1	1	1	1	1	0	1	0	1	1	1	1	1	1	0	0	0	1	0	1	1
1090150757	2	2	1	4	0	0	0	0	1	0	1	1	1	1	1	1	1	0	1	1	0	0	1	0	1	1	1	1	0	1	0	1	1	1	0	1	0	0	0	1	0	1	1	1	0	1	1	0	1	1
1090145114	2	2	1	4	0	0	0	0	1	0	0	0	1	1	1	1	1	1	1	1	0	1	1	1	1	1	1	0	0	1	1	1	1	0	1	1	1	0	1	1	0	0	1	0	0	0	0	0	1	1
1090134528	2	2	1	4	0	0	1	0	1	0	1	1	1	1	1	1	1	1	1	1	0	1	1	1	1	1	1	0	0	1	1	1	1	0	0	1	1	0	1	1	1	1	1	1	0	1	1	0	1	0
1090118600	2	2	1	4	0	0	1	1	1	1	1	1	1	1	1	1	1	1	1	1	0	0	1	1	1	1	1	1	0	1	1	1	1	0	0	1	0	0	1	1	1	1	1	1	0	1	1	1	1	1
1090113843	2	2	1	4	0	0	0	0	1	1	1	0	1	1	1	1	1	1	1	1	0	1	1	1	1	1	1	1	1	1	1	1	1	1	0	1	0	0	1	1	1	1	1	1	0	1	1	0	1	1
1088101592	2	2	1	4	1	1	1	1	1	1	1	1	1	1	1	1	1	1	1	1	0	1	1	1	1	1	1	1	1	1	1	1	1	0	1	0	1	0	1	1	1	1	0	0	1	1	1	0	1	1
1086373408	2	2	1	4	0	0	0	0	0	0	1	0	0	0	1	0	1	1	0	1	0	0	0	1	0	1	0	0	0	0	0	1	1	0	0	0	0	0	1	1	1	1	0	0	1	1	1	1	1	1
1086367792	2	2	1	4	0	1	1	1	1	1	1	1	1	1	1	1	1	1	1	1	0	1	1	1	1	1	1	1	1	1	1	1	1	1	0	1	1	1	1	0	1	1	0	1	1	1	1	1	1	1
1086347609	2	2	1	4	1	1	0	0	1	1	1	0	0	1	1	0	1	1	1	1	0	1	0	1	0	1	1	1	0	1	0	1	0	0	0	1	1	0	1	1	0	1	1	1	0	0	1	0	1	1
1086344924	2	2	1	4	0	0	0	0	0	0	1	0	1	1	0	0	1	0	0	0	0	0	0	0	0	1	0	0	0	1	0	0	0	0	0	0	0	0	1	0	0	1	0	0	0	0	0	0	1	1
1086330595	2	2	1	4	1	0	0	0	0	0	1	0	0	1	0	0	1	1	0	0	1	1	1	0	1	0	0	0	1	1	0	0	0	0	1	0	1	0	0	1	0	0	1	0	0	0	0	0	0	0
1053398291	2	2	1	4	0	0	0	0	0	0	0	0	0	1	0	0	1	0	1	1	0	0	1	0	0	1	1	0	0	0	0	0	0	0	0	0	0	0	0	0	0	0	0	0	0	0	0	0	0	0
1045998802	2	2	1	4	0	0	1	0	0	0	0	0	1	1	1	1	1	1	1	1	0	0	0	1	1	1	1	0	0	0	0	0	1	0	0	0	0	0	1	1	1	1	0	0	0	0	1	0	0	1
1044908398	2	2	1	4	0	0	0	0	1	0	0	0	0	1	0	1	1	0	0	1	0	0	0	0	1	0	1	0	1	0	0	0	1	1	0	0	0	1	0	0	0	0	1	1	0	0	1	0	0	0
1041815261	2	2	1	4	0	0	0	0	1	1	0	1	0	0	0	0	1	0	1	1	0	0	1	0	0	0	0	0	0	1	0	0	0	0	0	0	0	0	0	0	0	0	0	0	0	0	1	0	0	1
1041758770	2	2	1	4	0	0	0	0	0	1	0	0	0	1	1	0	1	0	1	0	0	0	0	0	0	0	1	0	0	0	0	0	1	0	0	0	0	1	0	0	1	1	0	0	0	0	1	0	0	1
1041080595	2	2	1	4	0	0	1	0	1	0	0	0	0	1	0	0	1	0	0	1	1	0	1	0	0	0	0	0	0	1	0	0	0	0	1	0	0	0	0	0	0	1	0	1	0	0	0	0	0	0
1053648246	2	2	2	5	1	0	1	0	0	0	0	0	0	0	0	0	1	0	0	0	0	1	0	0	1	1	1	0	0	0	0	0	0	0	0	0	0	1	0	1	0	0	0	0	0	0	0	0	0	1
1048547462	2	2	2	5	0	1	1	0	1	0	0	0	1	1	1	0	1	0	1	0	0	0	1	0	0	1	0	0	0	1	0	1	0	0	0	0	0	0	1	1	0	0	0	0	1	1	0	0	0	0
1045452647	2	2	2	5	1	0	1	1	0	0	1	0	1	1	1	0	0	0	1	1	0	1	1	0	0	1	0	0	0	1	1	1	0	0	0	0	0	0	1	1	0	0	0	0	0	0	1	0	1	0
1044872453	2	2	2	5	1	0	1	1	0	0	0	0	0	0	1	0	1	1	1	0	0	1	0	0	1	1	1	0	0	1	1	0	0	1	0	1	0	0	1	1	1	1	1	1	0	0	1	1	1	0
1044433038	2	2	2	5	0	0	1	0	0	0	0	0	1	1	1	0	1	1	0	0	1	0	0	0	0	1	0	0	0	0	0	1	0	0	0	0	0	0	1	1	0	0	0	0	1	1	0	0	1	0
1041945015	2	2	2	5	0	0	1	0	0	0	1	0	0	1	0	1	1	1	1	1	0	0	1	0	1	1	0	0	0	1	0	0	1	1	0	0	0	1	0	1	0	1	1	0	1	0	0	0	1	0
1041897389	2	2	2	5	0	0	0	1	0	0	0	0	0	1	0	0	1	0	1	0	0	0	0	0	0	0	0	0	0	0	1	0	1	1	0	0	0	0	0	0	0	0	0	0	0	0	0	0	0	0
1103440404	2	2	2	5	0	0	0	1	0	0	1	1	1	1	1	1	1	1	1	0	0	1	1	1	0	0	1	0	0	1	0	1	1	0	0	0	0	0	1	1	1	1	0	1	0	0	1	1	0	1
1090206884	2	2	2	5	0	0	1	1	1	1	1	1	1	1	1	0	1	1	1	1	0	1	1	0	1	1	1	1	0	1	1	1	0	0	0	0	1	0	1	1	1	1	1	1	0	1	1	1	1	1
1083404275	2	2	2	5	0	0	0	1	0	0	1	1	1	1	1	1	1	1	1	0	0	1	1	1	0	0	1	0	0	1	0	1	1	0	0	0	0	0	1	1	1	1	0	1	0	0	1	1	0	1
1083284081	2	2	2	5	0	0	0	1	1	1	1	0	1	1	1	1	1	1	1	0	0	1	1	1	0	1	1	1	0	0	0	1	1	0	0	1	0	0	1	1	1	1	0	0	0	0	1	0	1	1
1082663978	2	2	2	5	0	0	1	0	1	1	1	1	0	1	1	0	1	1	1	1	0	0	0	0	0	1	0	0	0	0	0	0	1	1	1	0	0	0	0	1	0	0	0	0	1	0	0	0	0	0
1062389568	2	2	2	5	0	0	0	0	0	0	1	0	0	1	1	0	1	1	1	1	0	0	0	0	0	0	0	0	0	0	0	0	0	0	0	0	0	1	0	0	0	0	0	0	0	0	0	0	0	0
1061412788	2	2	2	5	1	0	1	0	0	0	1	1	0	1	0	0	1	0	1	1	0	1	1	0	0	1	1	0	0	0	0	0	0	1	0	0	0	0	1	1	0	0	1	0	0	0	0	0	1	0
1053798547	2	2	2	5	0	1	0	0	1	1	0	0	0	0	0	0	0	0	0	0	0	0	0	0	0	0	0	0	0	0	0	0	0	0	0	0	0	0	0	0	0	0	0	0	0	0	0	0	0	0
1053400103	2	2	2	5	0	0	0	0	1	0	0	0	0	1	0	1	0	0	1	1	0	1	0	1	0	1	0	0	0	1	0	0	0	1	1	0	0	0	1	0	0	0	0	0	0	0	0	0	0	0
1048544881	2	2	2	5	1	0	0	1	1	0	0	0	0	0	0	0	1	0	0	1	0	0	0	0	0	0	0	0	0	1	0	0	0	1	0	0	0	1	0	0	0	0	0	0	0	0	0	0	0	1
1046083127	2	2	2	5	0	0	1	0	0	0	0	0	0	0	0	0	1	0	0	0	0	0	0	0	0	0	0	0	0	0	0	0	0	0	0	0	0	1	0	0	0	0	0	0	0	0	0	0	0	0
1045447198	2	2	2	5	0	0	0	1	0	0	0	0	0	1	0	0	1	0	1	0	0	0	1	0	0	0	0	0	0	1	0	0	0	1	0	0	0	0	0	0	0	0	0	0	0	0	0	0	1	0
1043130914	2	2	2	5	1	0	0	0	0	0	0	0	0	1	0	0	0	0	1	0	0	0	0	1	0	0	0	0	0	1	0	0	0	0	0	0	0	1	0	0	0	0	0	0	0	0	0	0	0	0
1042993566	2	2	2	5	1	0	0	0	0	0	0	0	1	0	0	0	1	1	0	0	0	0	0	0	0	1	0	0	0	0	0	0	1	0	0	0	0	0	0	0	1	0	0	0	0	0	1	0	0	1
1042176926	2	2	2	5	0	1	1	0	0	0	1	0	0	1	0	0	1	1	0	0	0	0	0	0	0	1	0	0	0	1	0	0	0	0	0	0	0	1	1	0	0	0	0	0	0	0	0	0	0	0
1041959914	2	2	2	5	0	1	0	0	0	1	0	1	0	0	0	0	1	0	0	0	0	0	0	0	1	0	0	1	1	0	0	0	0	0	0	0	1	0	0	0	0	0	0	0	0	0	0	1	0	0
1039511480	2	2	2	5	0	0	1	1	0	0	0	0	0	0	0	0	0	0	0	0	0	0	0	0	0	0	0	0	0	0	0	0	0	0	0	0	0	0	0	0	0	0	0	0	0	0	0	1	0	0
1039400753	2	2	2	5	1	0	0	0	1	1	1	0	0	1	1	1	1	1	1	1	0	1	1	1	0	1	0	1	0	1	1	1	1	1	0	0	1	1	1	0	0	1	0	0	1	1	1	1	1	1
1036761479	2	2	2	5	1	0	0	0	0	0	0	0	0	0	0	0	0	0	0	0	1	0	0	0	0	0	0	0	0	0	0	0	0	1	1	0	0	0	0	0	0	0	0	0	0	0	1	0	0	0
1036324404	2	2	2	5	1	0	0	0	0	0	1	0	1	1	0	0	1	1	1	1	0	0	0	0	0	0	0	0	0	0	0	0	1	1	1	0	0	0	0	0	0	0	0	0	0	0	0	0	0	0
1124041963	2	2	2	5	0	0	0	0	0	0	0	0	0	1	0	0	1	0	0	0	0	0	0	1	0	0	0	0	0	0	0	0	0	1	0	0	0	1	0	0	0	1	0	0	0	0	0	0	0	0
1089866966	2	2	2	5	0	0	0	0	0	0	0	0	0	0	0	1	1	1	0	0	0	0	0	0	0	0	0	0	0	0	0	0	1	0	0	0	0	0	0	1	0	0	0	0	0	0	0	0	0	0
1085270942	2	2	2	5	0	0	1	0	0	0	1	0	0	1	1	1	1	1	1	0	0	0	0	0	0	1	0	0	0	0	0	1	1	1	0	0	0	0	1	0	0	0	0	1	0	0	0	0	0	1
1085234072	2	2	2	5	0	0	1	0	0	0	0	0	0	0	0	0	1	1	0	0	0	0	0	0	0	1	0	0	0	0	0	0	0	0	0	0	0	0	0	0	0	1	0	0	1	0	1	0	0	0
1084381617	2	2	2	5	1	0	1	0	1	0	1	0	1	1	1	1	1	1	1	1	0	1	1	1	0	1	0	0	0	1	0	1	0	1	1	0	0	0	1	1	0	0	0	1	1	0	0	0	1	1
1084209999	2	2	2	5	1	0	0	0	0	0	0	0	0	0	0	0	0	0	1	0	0	0	0	0	0	1	0	0	0	0	0	0	0	0	0	0	0	0	0	1	0	0	0	0	0	0	1	0	0	0
1084193628	2	2	2	5	0	0	0	0	0	0	1	0	0	0	0	0	0	0	0	0	1	0	0	0	0	0	0	0	0	0	0	0	0	0	1	0	0	0	0	0	0	1	0	0	0	0	0	0	0	0
1084176687	2	2	2	5	0	0	0	0	0	0	0	0	0	1	0	1	1	1	1	0	0	0	0	1	0	0	1	0	0	0	0	0	0	1	0	0	0	0	0	1	1	1	0	0	0	0	0	0	0	0
1084146756	2	2	2	5	1	1	1	1	0	1	0	1	0	1	1	0	1	1	1	1	0	1	1	0	0	0	1	1	0	0	0	0	0	0	0	0	0	1	1	0	1	0	0	0	0	0	1	1	0	0
1084143295	2	2	2	5	0	1	0	0	1	0	0	1	0	0	0	0	1	0	0	0	0	0	1	0	0	0	0	0	1	0	1	0	0	0	0	0	0	1	0	0	0	0	0	0	0	0	0	0	1	0
1084134436	2	2	2	5	1	1	0	0	0	1	0	0	0	0	0	1	0	1	0	0	0	0	0	0	0	1	0	0	0	0	0	0	1	0	0	0	0	0	0	0	0	0	0	0	0	0	0	0	0	1
1083281563	2	2	2	5	0	0	0	0	0	0	0	0	0	0	0	0	0	0	1	0	0	0	0	0	0	0	0	1	0	0	0	0	0	0	0	0	0	1	0	0	0	0	0	0	0	0	0	0	0	0
1083216982	2	2	2	5	0	0	0	1	0	0	1	0	0	0	0	0	1	0	1	0	0	0	0	0	0	0	0	0	0	0	0	0	0	1	0	0	0	0	0	1	0	0	0	0	0	0	0	1	0	0
1083161837	2	2	2	5	1	0	0	0	0	0	1	0	0	0	0	0	0	0	1	0	0	0	0	1	0	1	0	0	0	0	0	0	0	1	0	0	0	0	0	1	0	0	0	0	0	0	0	0	0	0
1083153962	2	2	2	5	0	0	1	0	0	0	1	0	1	0	0	1	1	1	0	0	1	0	0	0	0	1	0	0	0	0	0	0	1	0	0	0	0	0	0	0	0	1	0	0	0	0	0	0	1	0
1083142951	2	2	2	5	0	0	0	0	0	0	1	1	0	1	0	0	1	1	1	0	0	0	0	0	0	0	0	0	0	0	0	0	0	1	0	0	0	0	0	0	0	0	0	0	0	0	0	0	0	0
1083141596	2	2	2	5	0	1	1	0	0	0	0	0	0	0	1	0	1	1	1	0	0	0	1	0	0	1	0	0	0	0	0	0	0	0	0	1	0	0	0	0	0	0	0	0	0	0	0	0	0	0
1083140873	2	2	2	5	1	1	0	0	1	0	0	0	0	0	1	0	0	1	1	0	0	1	0	0	0	1	0	1	0	0	0	1	1	0	0	1	0	0	0	1	0	0	0	0	0	0	1	0	0	0
1083138331	2	2	2	5	0	0	1	0	0	0	0	0	1	1	0	0	1	0	0	0	0	0	0	0	0	0	0	0	0	0	0	0	1	1	0	0	0	0	0	1	0	1	0	0	0	0	0	0	1	0
1083138107	2	2	2	5	0	0	0	0	0	0	0	0	0	0	0	0	0	0	1	0	0	0	0	0	0	0	0	0	0	0	0	0	0	0	0	0	0	0	0	0	0	0	0	0	0	0	0	0	0	0
1083136357	2	2	2	5	0	0	0	0	1	0	0	0	0	0	0	0	0	0	1	0	0	0	1	0	0	0	0	0	0	1	0	0	0	0	0	0	0	1	0	0	0	0	0	0	0	0	0	0	0	0
1083134077	2	2	2	5	1	0	0	0	0	0	0	0	0	1	1	0	0	0	1	0	0	0	0	0	0	0	0	0	0	0	0	0	1	0	0	0	0	0	0	0	0	0	0	0	0	0	0	0	0	1
1083134048	2	2	2	5	0	0	1	0	0	0	0	0	0	1	0	1	1	0	1	0	1	0	0	0	1	0	0	0	0	0	0	0	0	1	0	0	0	0	0	0	0	1	1	0	0	0	0	0	0	0
1083132444	2	2	2	5	0	0	0	0	0	0	1	0	1	0	0	0	1	0	1	0	0	0	0	0	0	1	0	0	0	0	0	1	1	0	1	1	0	0	0	0	0	0	0	0	0	0	0	0	1	1
1083130467	2	2	2	5	1	1	1	1	1	1	0	1	0	0	0	0	1	0	0	0	0	0	1	0	0	0	0	1	0	1	1	1	0	1	0	0	1	1	1	0	1	0	0	0	0	0	0	1	0	0
1083130260	2	2	2	5	0	0	1	0	0	0	0	0	0	1	1	1	1	1	1	1	0	0	0	1	0	1	0	0	0	0	0	0	0	0	0	1	0	0	0	1	0	0	0	0	1	0	1	0	0	1
1083130128	2	2	2	5	1	0	0	0	0	0	0	0	0	0	0	0	0	0	1	0	0	0	0	0	0	0	0	0	0	0	0	0	0	1	0	0	0	1	0	0	0	0	0	0	0	0	0	0	0	1
1081908163	2	2	2	5	0	0	1	0	0	1	1	0	0	0	0	0	1	0	0	0	0	0	0	0	0	0	1	0	0	0	0	0	0	0	0	0	0	0	1	1	1	1	0	0	0	1	1	0	0	0
1081312786	2	2	2	5	0	0	1	0	0	0	0	1	0	1	0	0	0	0	1	0	0	0	0	0	0	1	0	0	0	0	0	0	1	0	0	0	0	0	0	0	0	0	0	0	0	0	1	0	0	0
1079116395	2	2	2	5	0	0	0	0	0	0	1	0	0	0	0	0	0	0	0	0	0	0	0	0	0	0	0	0	0	0	0	0	0	0	0	0	0	0	0	0	0	0	0	0	0	0	0	0	0	0
1079046625	2	2	2	5	1	1	0	0	1	0	0	0	0	0	0	0	1	1	0	1	0	0	0	0	0	0	0	0	0	0	1	0	1	1	0	0	1	0	0	0	0	1	0	0	0	0	0	0	0	0
1079030795	2	2	2	5	1	1	1	0	1	1	0	0	1	1	1	1	1	1	1	1	0	0	1	0	0	1	1	1	1	1	0	1	1	1	0	0	0	0	0	1	1	0	0	0	0	1	1	0	0	1
1077996030	2	2	2	5	1	0	1	0	0	0	0	0	0	0	1	0	0	0	0	0	0	1	0	0	0	0	0	0	0	1	0	0	0	1	0	0	0	1	0	0	0	0	0	0	0	0	0	0	0	0
1077991213	2	2	2	5	0	1	1	0	1	1	0	0	0	0	0	0	1	0	0	0	0	0	0	0	0	0	0	0	0	0	0	0	0	0	0	0	0	0	0	1	1	0	0	0	1	0	0	0	0	0
1077493106	2	2	2	5	1	0	1	0	0	0	0	0	1	1	1	0	1	0	1	0	0	0	0	1	0	1	0	0	0	0	0	0	1	0	0	0	0	1	0	0	0	0	0	0	1	0	0	0	0	0
1077486257	2	2	2	5	1	0	0	0	0	0	1	0	0	0	0	0	1	0	0	0	0	0	0	0	0	0	0	0	0	0	0	0	0	1	0	0	0	0	0	0	0	0	0	0	0	0	1	0	0	0
1077433660	2	2	2	5	0	0	1	0	0	0	0	0	0	0	1	0	1	1	0	0	0	0	0	0	0	1	0	0	0	0	0	0	0	1	0	0	0	1	0	0	0	0	0	0	1	0	0	0	0	0
1077424581	2	2	2	5	1	0	0	0	0	0	0	0	0	1	1	0	1	0	1	0	1	0	0	0	0	1	0	0	0	0	0	0	0	0	0	0	0	0	1	0	0	0	0	0	0	0	0	0	0	0
1077422125	2	2	2	5	1	0	1	0	0	0	0	1	0	0	0	0	1	0	1	0	0	0	0	0	0	0	0	0	0	0	0	0	0	1	0	0	0	1	1	0	0	0	0	0	0	0	0	0	0	0
1077415587	2	2	2	5	1	0	0	0	1	0	0	1	0	1	0	0	1	1	1	1	0	1	1	0	0	0	0	0	0	1	1	0	0	1	1	0	1	1	1	0	0	0	0	0	0	0	0	0	0	1
1077402025	2	2	2	5	0	0	0	0	0	0	0	0	0	0	0	0	0	0	0	0	0	0	0	0	0	0	0	0	0	0	0	0	0	0	0	0	0	0	0	0	0	1	0	0	0	0	0	0	0	0
1077401192	2	2	2	5	0	0	0	0	0	0	0	0	0	0	0	1	0	1	0	0	1	0	0	0	0	0	0	0	0	0	0	0	0	0	0	0	0	0	0	0	0	0	0	0	0	0	0	0	0	0
1077388770	2	2	2	5	0	0	0	0	0	0	0	1	1	1	0	0	1	0	1	1	0	1	1	1	0	0	0	0	0	1	0	0	0	1	0	0	0	0	0	0	0	0	0	0	0	0	0	0	0	0
1077387037	2	2	2	5	1	0	0	0	0	0	0	0	0	1	0	0	0	0	1	0	1	0	0	0	0	0	0	0	0	1	0	0	0	1	1	0	0	0	0	0	0	0	0	0	0	0	0	0	0	0
1076789193	2	2	2	5	1	0	1	0	0	0	1	0	0	0	1	0	0	0	0	0	1	0	0	0	0	1	0	0	0	0	0	1	1	0	1	1	0	0	0	1	0	1	0	0	0	0	0	0	0	0
1076768362	2	2	2	5	0	0	1	0	0	0	0	1	1	0	0	1	0	0	0	0	0	0	0	0	0	1	0	0	0	0	0	0	1	0	1	0	0	0	0	0	0	0	0	0	1	0	0	0	0	0
1076205819	2	2	2	5	0	0	0	0	0	0	0	1	0	0	0	0	0	0	0	0	1	0	0	0	0	0	0	0	0	0	0	0	0	0	0	0	0	1	0	0	0	0	0	0	0	0	0	0	0	0
1075932067	2	2	2	5	1	1	0	0	1	0	0	0	0	1	0	0	1	0	0	0	0	0	0	0	1	0	0	0	1	0	0	0	0	0	0	0	0	0	0	1	0	0	0	0	1	0	0	0	0	0
1075926052	2	2	2	5	1	1	1	1	1	1	0	0	0	0	1	0	1	1	0	0	0	1	0	0	1	0	0	1	1	0	1	0	0	0	0	0	1	0	0	0	1	0	1	0	1	1	1	1	1	0
1075834270	2	2	2	5	1	0	0	0	0	0	1	0	0	0	0	0	1	0	0	0	0	0	0	0	0	1	0	0	0	0	0	0	0	0	0	0	0	0	0	1	0	1	0	0	0	0	1	0	0	0
1075817934	2	2	2	5	0	0	0	0	0	0	0	0	0	0	0	0	1	0	0	0	0	0	1	0	0	0	0	0	0	0	0	0	0	1	0	0	0	0	0	0	0	0	0	0	0	0	0	0	0	0
1075817310	2	2	2	5	0	0	0	0	1	0	0	0	0	1	0	0	1	0	0	0	0	0	0	0	1	1	1	1	0	0	1	0	1	1	0	0	1	0	1	1	0	1	1	0	1	0	1	0	0	0
1075805466	2	2	2	5	1	1	0	1	0	1	0	0	0	0	0	0	1	0	0	0	0	0	0	0	0	0	0	0	0	0	0	0	0	0	0	0	0	0	1	0	0	0	0	0	0	0	1	0	0	0
1075803145	2	2	2	5	1	0	1	0	0	0	1	0	0	0	0	1	0	0	0	0	0	0	0	0	0	0	0	0	0	0	0	1	1	1	0	0	0	1	0	0	0	1	0	0	0	0	0	0	1	0
1074869633	2	2	2	5	0	1	0	0	0	0	0	0	0	1	0	0	0	0	1	0	0	0	1	0	0	0	0	0	0	1	0	0	0	1	0	0	0	1	0	0	0	0	0	0	0	0	0	0	0	1
1074807109	2	2	2	5	0	0	1	0	0	0	0	0	0	0	0	0	1	0	0	0	0	0	0	0	0	1	0	0	0	0	0	0	0	0	0	0	0	0	0	0	0	0	0	0	0	0	0	0	0	0
1074795588	2	2	2	5	0	0	0	0	0	0	1	0	0	1	0	0	1	1	1	0	0	0	0	0	0	1	0	0	0	0	0	0	0	0	0	1	0	0	1	1	0	0	0	0	0	0	1	0	0	1
1074787186	2	2	2	5	0	0	0	0	0	0	0	0	1	1	1	0	1	0	1	0	0	0	0	0	0	1	0	0	0	1	0	0	0	1	0	0	0	1	0	0	0	0	0	0	0	0	0	0	0	0
1074760784	2	2	2	5	0	1	0	1	0	0	0	0	0	0	1	0	1	1	1	0	0	1	0	0	0	1	0	1	0	0	0	1	1	1	0	0	0	1	1	1	0	0	0	0	0	0	0	1	0	1
1074756782	2	2	2	5	1	0	0	1	0	0	0	0	0	0	1	0	1	0	1	0	0	0	0	0	0	0	0	0	0	0	0	1	0	1	0	0	1	0	1	0	0	0	0	0	0	0	0	1	0	0
1074754343	2	2	2	5	1	0	0	0	0	0	0	1	0	0	0	0	0	0	0	0	0	0	0	0	1	0	0	0	0	0	0	0	0	1	0	0	0	0	0	0	0	0	0	0	0	0	0	0	0	0
1074752936	2	2	2	5	1	0	1	0	1	0	1	0	1	1	1	1	1	1	1	0	0	0	0	0	0	1	0	0	0	0	0	0	0	0	0	0	0	1	1	1	1	1	0	0	0	0	1	0	1	1
1074752538	2	2	2	5	0	1	0	0	1	1	0	0	0	0	0	0	1	0	0	0	0	0	0	0	0	0	0	1	1	0	0	0	0	1	0	0	0	1	0	0	0	0	0	0	0	0	1	0	0	0
1074747310	2	2	2	5	0	0	0	0	0	0	1	0	1	0	0	0	0	0	1	0	0	0	0	1	0	0	0	0	0	0	0	1	0	1	0	0	0	1	0	0	0	1	0	0	0	0	0	0	0	1
1074746042	2	2	2	5	0	0	0	1	0	0	0	1	0	1	0	0	1	1	1	0	0	0	0	0	0	0	0	0	0	1	0	0	0	1	0	0	0	1	0	0	0	0	0	0	0	0	0	0	0	0
1074743737	2	2	2	5	1	0	1	0	0	0	1	0	0	0	1	0	1	1	1	0	0	1	1	0	0	1	0	0	0	1	0	1	1	1	1	0	1	1	1	1	0	1	0	1	1	0	0	1	1	0
1074742048	2	2	2	5	1	0	1	0	0	0	0	0	1	0	1	0	0	0	1	0	0	1	1	1	0	1	0	0	0	1	0	0	0	1	0	0	0	0	1	0	0	0	0	0	1	0	0	0	1	1
1074735885	2	2	2	5	1	0	0	0	0	1	0	0	0	0	0	0	1	1	1	0	0	0	0	0	0	1	1	1	0	0	0	0	0	0	0	0	0	0	0	1	0	0	0	0	0	0	1	0	0	0
1074733395	2	2	2	5	0	1	1	0	1	1	0	0	0	0	0	1	1	1	0	1	0	0	0	0	0	1	0	1	1	0	0	0	1	0	0	0	0	0	0	0	0	0	0	0	0	0	1	0	1	1
1074732843	2	2	2	5	0	0	0	0	0	0	0	0	0	0	0	0	0	0	1	0	0	0	0	0	0	0	0	0	0	0	0	0	0	0	0	0	0	0	0	0	0	0	0	0	0	0	0	0	0	0
1074718969	2	2	2	5	0	0	0	0	0	0	1	0	0	0	0	0	1	1	1	1	0	0	1	0	0	1	1	0	0	0	0	0	0	0	0	0	0	0	0	0	0	0	0	0	0	0	0	0	0	0
1074715238	2	2	2	5	0	0	0	0	0	1	0	0	0	1	0	1	1	0	1	1	1	0	0	0	0	0	0	0	0	0	0	0	1	1	0	0	0	0	0	0	0	0	0	0	0	0	0	0	0	1
1074714868	2	2	2	5	0	0	0	0	0	0	0	0	0	1	0	0	0	0	1	0	0	0	0	0	0	0	0	0	0	0	0	0	0	1	0	0	0	1	0	0	0	0	0	0	0	0	0	0	0	0
1074714434	2	2	2	5	0	0	0	0	0	0	0	0	0	0	0	0	1	0	0	0	0	0	0	0	0	0	0	0	0	0	0	0	1	0	0	0	0	0	0	0	0	0	0	0	0	0	0	0	0	0
1074714414	2	2	2	5	0	0	0	0	1	0	0	0	0	1	0	0	1	1	1	0	0	1	0	0	0	0	0	0	0	1	0	0	0	1	0	0	0	1	1	0	0	0	0	0	0	0	0	0	0	1
1074713895	2	2	2	5	0	0	0	1	0	0	0	0	0	0	0	0	0	0	1	0	0	0	0	0	0	0	0	0	0	0	0	1	0	0	0	0	0	0	1	0	0	0	0	0	0	0	0	1	0	0
1074711666	2	2	2	5	1	0	1	0	0	0	0	0	0	0	1	0	1	0	0	0	0	0	1	0	0	0	0	0	0	1	0	0	1	0	0	0	0	0	0	0	0	0	0	0	0	0	0	0	0	0
1074711185	2	2	2	5	1	1	0	1	1	1	0	1	0	1	1	1	1	1	1	1	0	0	1	1	0	1	1	0	1	1	0	1	1	1	0	0	1	1	1	1	0	0	0	1	1	1	1	1	1	1
1093698723	2	2	2	5	1	1	0	0	0	1	0	0	0	1	0	1	1	1	1	1	0	0	0	1	0	0	1	1	0	0	0	0	1	0	0	0	0	1	0	0	1	0	0	0	0	0	1	0	0	0
1084228720	2	2	2	5	0	1	0	0	0	1	1	0	0	1	0	1	1	1	1	1	0	0	0	1	0	1	1	1	0	0	0	0	1	1	0	0	0	1	1	1	0	0	0	0	0	0	0	0	1	1
1081298287	2	2	2	5	0	0	1	0	0	0	0	0	0	0	0	0	1	0	0	0	0	0	0	1	0	1	0	0	0	0	0	0	0	0	0	0	0	0	0	0	0	0	0	0	1	0	0	0	0	0
1080425789	2	2	2	5	0	0	0	1	0	0	0	1	0	0	0	1	0	0	1	1	0	1	0	1	0	0	0	0	0	0	0	0	0	0	0	0	0	0	0	0	0	1	0	0	0	0	0	1	0	1
1080334083	2	2	2	5	0	0	0	0	0	0	1	1	0	0	0	0	1	0	1	0	0	1	0	1	0	0	0	0	0	0	0	1	0	1	0	0	0	1	0	0	0	0	0	0	0	0	0	0	0	0
1080233837	2	2	2	5	1	0	0	0	0	0	0	1	0	0	0	0	1	0	0	0	0	0	0	0	0	0	0	0	0	0	0	0	0	0	0	0	0	1	0	0	0	1	0	0	0	0	0	0	0	0
1079091408	2	2	2	5	0	0	0	0	0	0	1	0	0	0	0	0	1	0	1	0	0	0	0	0	0	0	0	0	0	0	0	1	0	0	0	0	0	0	0	0	0	0	0	1	1	0	0	0	0	1
1079084484	2	2	2	5	0	1	0	0	0	0	1	0	0	0	0	0	1	1	1	0	0	0	1	1	0	0	0	0	0	0	0	0	0	1	0	0	0	1	0	0	0	0	0	0	0	0	0	0	0	0
1079079774	2	2	2	5	0	0	0	1	0	0	0	1	0	1	0	0	1	0	1	0	1	1	1	0	0	0	0	0	0	0	0	1	0	1	0	0	0	1	1	0	0	0	0	0	0	0	0	1	0	0
1079070149	2	2	2	5	0	0	1	0	0	0	1	0	0	1	0	0	1	1	0	0	0	0	0	0	0	0	0	1	0	0	0	0	1	0	0	0	0	0	1	0	0	0	0	0	0	0	1	0	0	0
1079067719	2	2	2	5	1	0	0	0	0	0	0	0	1	1	0	1	1	0	1	0	0	0	1	1	0	1	0	0	0	0	0	1	1	0	0	0	0	1	1	0	0	0	0	1	0	0	0	0	0	0
1079062207	2	2	2	5	1	0	1	0	0	0	1	1	0	1	1	1	1	1	1	0	0	0	1	1	0	1	0	0	0	1	0	1	1	1	0	0	0	0	1	1	1	1	0	0	1	0	1	0	1	1
1079059267	2	2	2	5	1	1	0	0	0	1	1	0	0	0	0	0	1	0	1	1	0	0	0	0	0	0	0	0	0	0	0	1	0	1	0	0	0	0	0	0	0	0	0	0	0	0	0	0	0	0
1079042359	2	2	2	5	1	1	0	0	1	0	1	0	0	0	0	0	1	0	0	0	0	1	0	0	0	0	0	0	0	0	0	0	0	0	0	0	0	0	0	0	0	0	0	0	0	0	0	0	0	0
1079034130	2	2	2	5	0	0	1	0	0	0	0	0	1	0	0	1	1	1	0	0	0	0	0	0	0	1	0	1	0	0	0	0	1	0	0	0	0	0	0	0	0	0	0	0	1	0	1	0	0	0
1079033479	2	2	2	5	0	0	0	1	0	0	0	1	1	0	0	0	1	0	1	0	0	1	0	0	0	0	0	0	0	0	0	1	0	1	0	0	0	0	1	0	0	0	0	0	0	0	0	1	1	0
1078203114	2	2	2	5	0	0	0	0	1	0	0	1	0	1	1	1	1	1	1	1	0	0	0	0	1	0	0	0	0	0	0	0	0	0	0	1	0	1	0	0	0	0	0	0	0	0	0	0	0	0
1078184607	2	2	2	5	0	0	0	1	0	0	1	0	1	0	0	0	0	0	0	0	0	1	1	0	0	0	0	0	0	0	1	1	0	0	0	0	0	1	0	1	0	0	1	0	0	0	0	1	0	0
1078179084	2	2	2	5	0	0	1	0	0	0	0	0	0	1	0	0	0	0	0	0	0	0	0	0	0	0	0	0	0	0	0	0	0	0	0	0	0	0	0	0	0	0	0	0	0	0	0	0	0	0
1075929347	2	2	2	5	0	0	0	0	0	0	1	0	1	1	1	0	1	1	1	0	0	0	0	0	0	1	0	0	0	1	0	0	0	1	0	0	0	1	0	0	0	0	0	1	0	0	1	0	1	1
1075879304	2	2	2	5	1	1	1	1	1	0	1	0	0	0	1	1	1	1	1	1	0	1	0	0	1	1	0	0	0	0	0	0	1	0	0	0	1	1	1	1	1	0	1	0	0	0	0	1	0	0
1075813738	2	2	2	5	0	0	0	1	0	0	0	1	0	0	0	0	0	0	1	0	0	0	0	0	0	0	0	0	0	1	0	1	0	0	0	0	0	1	0	0	0	0	0	0	0	0	0	1	0	0
1074788998	2	2	2	5	0	0	0	0	0	0	1	0	0	1	0	0	1	0	0	0	1	0	0	0	0	0	0	0	0	0	0	0	0	0	0	0	0	1	0	0	0	0	0	0	0	0	0	0	0	0
1074179446	2	2	2	5	0	0	1	1	0	0	0	1	0	1	0	0	1	0	0	0	0	0	0	0	0	0	0	0	0	0	0	0	0	0	0	0	0	0	0	0	0	0	0	0	0	0	0	0	0	0
1073601571	2	2	2	5	0	0	0	1	0	0	1	1	1	0	0	1	1	1	1	0	0	1	0	0	0	0	0	0	0	0	0	0	1	0	0	0	0	1	0	0	0	0	0	0	0	0	0	0	0	0
1073501809	2	2	2	5	0	0	0	0	0	0	0	1	1	1	0	0	1	1	1	0	0	1	0	0	0	0	0	0	0	0	0	1	0	0	0	0	0	1	0	0	0	0	0	0	0	0	0	0	1	0
1072310605	2	2	2	5	0	1	1	0	0	0	0	1	0	1	0	0	1	0	0	0	0	0	0	0	0	1	0	1	0	0	0	0	0	0	0	0	0	1	0	0	0	0	0	0	1	0	0	0	0	0
1072293075	2	2	2	5	0	0	0	0	0	0	0	0	0	0	1	1	0	1	1	0	0	0	0	0	0	0	1	0	0	0	0	0	1	0	0	0	0	0	0	0	0	0	0	1	0	0	0	0	0	0
1072240794	2	2	2	5	0	0	0	1	0	0	0	0	0	0	0	0	1	0	0	0	0	1	0	0	0	0	0	0	0	1	0	1	0	0	0	0	0	1	0	0	0	0	0	0	0	0	0	1	0	0
1072236939	2	2	2	5	0	0	0	0	0	0	0	1	0	0	0	0	1	1	1	1	1	1	0	0	0	0	0	0	0	1	0	1	1	1	0	0	1	0	0	0	0	0	0	0	0	0	0	0	0	0
1070333116	2	2	2	5	0	0	0	0	1	0	1	0	0	1	0	0	1	1	0	1	0	1	0	0	0	0	0	0	0	1	0	1	0	0	0	1	0	1	1	1	0	0	0	0	0	0	0	0	1	0
1069525103	2	2	2	5	0	0	0	0	0	0	1	0	0	1	0	0	1	0	0	0	0	1	1	1	0	0	1	0	0	0	0	0	1	0	0	0	0	1	1	0	0	0	0	0	0	0	0	0	1	0
1069471902	2	2	2	5	0	0	0	1	0	0	0	1	1	1	0	1	1	1	1	1	0	1	1	1	0	1	1	0	0	1	0	1	1	1	0	1	1	0	1	1	1	1	0	0	0	0	1	1	1	1
1069464239	2	2	2	5	1	1	0	1	1	0	0	1	0	1	0	1	1	0	1	0	0	0	0	1	1	1	0	0	1	0	1	0	0	1	0	0	1	1	1	0	1	1	1	0	0	0	1	1	0	0
1069441851	2	2	2	5	0	0	0	0	0	0	0	0	0	0	0	0	1	1	1	0	0	0	0	0	0	0	0	0	0	0	0	0	0	0	0	0	0	0	0	0	0	0	0	0	0	0	0	0	0	0
1069293540	2	2	2	5	0	0	1	0	0	0	0	0	0	1	0	0	0	0	0	0	1	0	1	0	0	0	0	0	0	1	0	0	0	0	0	0	0	1	0	0	0	0	0	0	1	0	0	0	0	1
1069230412	2	2	2	5	0	0	0	0	0	0	1	0	0	0	0	0	0	1	0	0	1	0	0	0	0	0	0	0	0	0	0	0	0	0	1	0	0	1	0	0	0	0	0	0	0	0	0	0	0	0
1069140963	2	2	2	5	0	0	1	0	0	0	1	0	0	0	0	0	1	0	0	0	0	0	0	0	0	1	0	0	0	0	0	0	0	0	0	0	0	1	0	0	0	0	0	0	0	0	1	0	0	0
1069112117	2	2	2	5	1	1	1	0	0	0	1	1	0	1	0	1	1	0	1	0	0	0	0	0	0	0	0	0	0	0	0	0	1	0	0	0	0	1	0	1	0	0	0	1	0	0	0	0	0	0
1069092744	2	2	2	5	0	0	0	1	0	0	1	0	0	0	0	0	0	1	0	0	0	0	0	0	0	0	0	0	0	0	0	0	0	0	0	0	0	0	0	0	0	0	0	0	0	0	0	1	0	0
1066848025	2	2	2	5	0	0	0	1	0	0	0	0	0	0	0	0	1	0	0	0	0	0	0	0	0	0	0	0	0	0	0	0	0	0	0	0	0	0	0	0	0	0	0	0	0	0	0	1	0	0
1066661096	2	2	2	5	0	0	0	1	0	0	1	0	0	0	0	0	1	0	0	0	0	1	0	0	0	0	0	0	0	0	0	0	0	0	0	0	0	0	0	0	0	0	0	0	0	0	0	1	0	0
1066620998	2	2	2	5	0	0	0	1	0	0	0	0	0	0	0	0	0	0	0	0	0	0	0	0	0	0	0	0	0	0	0	0	0	0	1	0	0	1	0	0	0	0	0	0	0	0	0	0	0	1
1066610224	2	2	2	5	0	0	0	0	0	0	1	0	0	1	0	1	0	0	0	0	0	0	0	0	0	0	0	0	0	0	0	0	1	0	0	0	0	0	0	0	1	0	0	0	0	0	0	0	0	0
1066537466	2	2	2	5	1	1	1	0	1	1	1	1	0	1	1	1	1	1	1	1	0	1	1	0	0	1	1	1	0	1	1	0	1	0	0	0	0	0	1	1	0	0	0	0	0	0	0	0	1	1
1066519916	2	2	2	5	0	0	0	1	1	1	0	1	0	0	0	0	0	0	0	0	0	1	0	0	0	1	1	0	0	0	0	0	0	1	0	0	0	1	0	0	1	0	0	0	0	0	0	0	0	0
1066510358	2	2	2	5	0	0	1	1	0	0	1	1	1	1	0	0	1	0	0	0	0	1	0	0	0	0	0	0	0	0	0	0	1	0	0	0	1	1	1	0	0	0	0	0	0	0	0	1	0	0
1066491896	2	2	2	5	0	0	1	0	0	0	0	0	0	0	0	0	0	0	0	0	0	0	0	0	0	0	0	0	0	1	0	0	0	1	0	0	0	0	0	0	0	0	0	0	0	0	0	0	0	0
1066475027	2	2	2	5	1	1	0	0	0	1	0	0	0	1	0	0	1	0	0	0	0	0	0	0	0	0	0	1	0	0	0	0	0	0	0	0	0	1	1	1	1	0	0	0	0	0	1	0	0	0
1066401736	2	2	2	5	0	0	0	0	0	0	1	0	0	0	0	0	0	0	1	0	0	0	0	0	0	0	0	0	0	0	0	1	0	0	0	0	0	0	0	0	0	1	0	0	0	0	0	0	1	0
1066375890	2	2	2	5	0	0	0	1	0	0	1	1	0	1	0	0	0	0	1	0	0	1	0	0	0	0	0	0	0	0	0	0	0	0	0	0	0	0	0	0	0	0	0	0	0	0	0	0	0	0
1066348994	2	2	2	5	0	0	0	0	0	0	1	1	1	1	0	1	1	1	1	0	0	0	0	0	1	0	1	0	0	0	0	1	0	0	0	0	0	0	0	0	0	1	1	0	1	0	1	0	1	1
1066312373	2	2	2	5	0	0	0	0	1	0	0	0	0	0	0	0	0	0	0	0	0	0	0	0	0	0	0	0	0	1	0	0	0	0	0	0	0	0	0	0	0	0	0	0	0	0	0	0	0	0
1066304142	2	2	2	5	0	0	0	1	0	0	1	1	1	0	0	0	1	0	1	1	0	1	0	0	0	0	0	0	0	0	0	1	0	0	0	0	0	0	0	0	0	0	0	0	0	0	0	1	0	0
1066264497	2	2	2	5	0	1	1	0	0	1	0	0	0	1	0	0	1	1	1	1	0	0	0	0	1	1	0	0	0	0	0	0	1	0	0	1	0	0	1	1	1	0	0	1	0	0	0	0	1	0
1066262625	2	2	2	5	1	0	0	0	0	0	0	0	0	0	0	0	1	0	0	0	0	0	0	0	0	0	0	0	0	0	0	0	1	0	0	0	0	1	0	0	0	0	0	0	0	0	0	0	0	0
1065237480	2	2	2	5	0	0	1	1	0	0	1	0	0	1	0	0	1	1	1	1	0	1	1	0	0	0	0	0	0	0	0	0	0	0	0	0	0	1	1	0	0	0	1	0	0	0	0	1	1	0
1065194549	2	2	2	5	0	0	1	0	0	0	0	0	0	0	0	0	0	0	0	0	1	0	0	0	0	0	0	0	0	0	0	0	0	0	1	0	0	0	0	0	0	0	0	0	0	0	0	0	0	0
1065042034	2	2	2	5	0	0	0	0	0	0	1	0	1	0	1	1	1	1	1	0	0	0	0	0	0	1	1	0	0	0	0	1	1	1	0	1	0	1	0	1	0	1	0	0	0	0	0	0	0	0
1064906569	2	2	2	5	0	0	0	1	0	0	0	1	0	1	0	0	1	0	0	1	0	0	0	0	0	0	0	0	0	0	0	0	0	0	0	0	0	0	0	0	0	0	0	0	0	0	0	1	1	0
1064816613	2	2	2	5	1	1	1	1	0	0	1	1	0	1	0	0	1	1	1	1	0	1	0	1	1	1	1	1	1	0	0	0	0	1	0	0	0	1	1	0	0	0	1	0	1	0	0	1	1	1
1064697867	2	2	2	5	1	0	0	1	0	0	0	0	0	0	0	0	1	0	0	1	0	0	0	0	0	1	0	0	0	0	0	0	0	0	0	0	0	1	1	0	0	0	0	0	0	0	0	1	0	1
1064427306	2	2	2	5	1	1	1	0	1	1	0	0	0	0	0	0	1	1	0	0	0	0	0	0	1	1	0	1	1	0	0	0	0	0	0	0	0	0	1	1	0	0	1	0	0	0	0	0	0	0
1064376728	2	2	2	5	0	1	0	0	0	0	0	0	0	1	0	0	1	0	0	0	0	1	0	0	0	0	0	0	0	0	0	0	0	0	0	0	0	1	1	1	0	0	0	0	1	0	0	0	1	0
1064325231	2	2	2	5	0	0	0	0	0	0	1	0	0	1	0	1	1	1	0	0	0	1	1	0	0	0	0	0	0	0	0	0	0	0	0	0	0	1	1	0	0	0	0	0	0	0	0	0	0	0
1064298554	2	2	2	5	0	0	0	1	0	0	1	1	0	0	0	0	0	0	0	1	0	1	0	0	0	0	0	0	0	0	0	0	0	0	0	0	0	0	1	0	0	0	0	0	0	0	0	1	1	0
1064292798	2	2	2	5	0	0	0	1	0	0	1	1	0	0	0	0	0	0	1	1	0	0	0	0	0	0	0	0	0	0	0	0	0	1	0	0	0	0	0	0	0	0	0	0	0	0	0	1	0	0
1088116531	2	2	2	5	1	0	1	0	0	0	1	0	1	1	1	1	1	1	1	0	1	0	1	0	0	1	0	0	0	1	0	1	1	1	1	1	0	0	0	1	0	0	0	0	0	0	0	0	0	0
1086358314	2	2	2	5	0	0	1	0	1	1	1	1	1	1	1	1	1	1	1	1	0	1	1	1	1	1	1	1	1	1	1	1	1	1	0	0	0	0	1	1	1	1	1	0	0	0	1	0	1	1
1086356333	2	2	2	5	0	0	1	0	1	1	1	1	1	1	1	1	1	1	1	1	0	1	1	1	1	1	1	1	1	1	1	1	1	1	0	0	0	0	1	1	1	1	1	0	0	0	1	0	1	1
1086349766	2	2	2	5	0	0	0	0	0	0	1	0	0	1	0	1	1	0	0	0	0	0	0	0	0	0	0	0	0	0	0	0	0	0	0	0	0	0	0	0	0	1	0	1	0	0	0	0	0	0
1084132672	2	2	2	5	1	1	1	1	0	0	1	0	0	1	1	0	1	0	0	0	0	1	0	1	0	0	0	0	0	0	1	1	1	1	1	0	0	1	1	1	0	0	0	1	1	0	0	1	0	0
1079043529	2	2	2	5	0	1	0	0	0	0	0	0	0	0	1	0	1	1	1	0	0	0	0	0	0	1	0	0	0	0	0	0	0	0	0	0	0	1	1	1	0	0	0	0	1	0	1	1	0	0
1079033213	2	2	2	5	1	0	0	1	0	0	0	1	0	1	0	1	1	1	1	1	0	1	1	0	0	0	0	0	0	1	1	0	1	1	0	0	1	1	0	0	0	0	0	0	0	0	1	1	1	1
1060827605	2	2	2	5	0	0	1	1	0	0	0	0	0	1	1	0	1	0	1	0	0	1	0	0	0	1	0	0	0	0	0	0	0	1	0	0	1	0	1	0	1	0	0	0	1	0	1	0	0	1
1055167630	2	2	2	5	1	0	0	0	0	0	0	0	0	1	0	0	0	0	0	0	1	0	0	0	0	0	0	0	0	0	0	0	0	1	0	0	0	0	0	0	0	1	0	0	0	0	0	0	0	1
1049826459	2	2	2	5	0	1	1	1	1	0	0	0	0	1	1	1	1	1	1	0	0	1	0	1	1	0	0	1	1	0	0	0	0	1	0	1	0	1	0	1	1	1	1	1	1	0	1	0	0	1
1044884734	2	2	2	5	0	0	1	0	0	1	0	0	1	1	0	0	1	1	1	0	0	0	0	0	0	1	1	0	0	0	0	0	0	0	0	0	0	0	1	0	0	0	0	0	0	0	0	0	1	0
1044861753	2	2	2	5	0	0	1	0	0	1	0	0	1	1	1	0	0	0	1	0	0	0	0	0	1	1	0	0	0	0	0	0	0	0	0	0	0	0	0	1	1	0	0	0	0	0	1	0	0	0
1044840107	2	2	2	5	1	0	0	0	1	1	0	0	1	0	0	1	1	0	1	0	0	0	0	0	1	0	0	0	0	0	0	0	1	0	0	0	0	0	0	0	0	0	0	0	0	0	0	0	0	1
1041045174	2	2	2	5	0	0	0	0	0	0	1	1	1	1	0	0	1	0	1	1	0	0	0	0	0	0	0	0	0	0	0	0	0	1	0	0	0	0	1	0	0	0	0	0	0	0	0	0	1	1
1033863412	2	2	2	5	0	0	0	0	0	0	1	1	0	0	0	1	0	0	0	0	0	0	0	0	1	0	0	0	0	0	0	0	1	0	0	0	0	0	0	0	0	0	1	0	0	0	0	0	0	1
1103418276	2	2	3	6	1	1	1	1	1	1	1	1	1	1	1	1	1	1	1	0	0	1	1	1	0	1	1	1	1	1	1	1	1	0	0	1	0	0	1	1	1	1	0	0	0	1	1	0	1	1
1102522032	2	2	3	6	0	0	1	0	0	0	1	0	0	1	1	1	1	0	0	1	0	0	0	0	0	1	0	1	0	1	0	0	1	0	0	0	0	0	0	1	1	1	0	0	0	0	1	0	1	1
1102509787	2	2	3	6	0	0	0	1	0	0	1	0	0	0	0	0	0	0	0	0	0	0	0	0	0	0	0	0	0	0	0	0	0	0	0	0	0	0	0	0	0	0	0	1	0	0	0	0	0	0
1090249948	2	2	3	6	0	0	1	1	0	0	1	0	0	0	0	1	0	1	1	0	0	0	0	0	0	0	0	0	0	0	0	1	1	1	0	0	0	0	0	1	1	1	0	1	0	0	1	0	1	1
1090227382	2	2	3	6	0	1	1	0	1	1	1	1	1	1	0	1	1	1	1	1	0	1	0	0	0	1	0	1	0	1	1	1	1	1	0	1	1	1	1	1	0	1	0	0	1	0	1	1	1	0
1082677306	2	2	3	6	0	0	1	0	0	0	1	0	0	0	1	1	0	1	1	0	0	0	0	0	0	0	0	1	0	0	0	1	1	1	0	1	0	1	0	1	1	1	0	0	0	0	1	0	1	1
1041899763	2	2	3	6	0	0	0	0	0	1	0	0	0	0	0	0	1	0	0	0	0	0	0	0	0	0	1	1	0	0	0	0	0	1	0	0	0	1	0	0	1	0	0	0	0	0	1	0	0	0
1103415160	2	2	3	6	0	0	1	1	1	1	1	1	1	1	1	1	1	1	1	1	0	1	1	1	0	1	1	1	0	1	0	1	1	1	0	1	0	0	1	1	1	1	0	1	1	1	1	1	1	1
1093922852	2	2	3	6	0	0	1	0	1	0	0	0	0	1	1	0	1	0	1	1	0	0	0	0	0	1	1	0	0	1	0	0	0	1	0	1	0	1	0	1	1	1	0	0	0	0	1	0	0	1
1086307790	2	2	3	6	0	0	1	1	1	1	1	1	1	1	1	1	1	1	1	1	0	1	1	1	0	1	1	0	0	1	1	1	1	0	0	1	0	0	1	1	1	1	0	1	0	0	1	1	1	1
1083368167	2	2	3	6	0	0	0	1	0	0	1	0	1	1	1	1	1	1	1	0	0	0	1	1	0	1	1	1	0	1	1	1	1	0	0	1	0	0	1	1	1	1	0	1	0	0	1	1	0	0
1083272113	2	2	3	6	1	1	1	1	1	1	1	1	1	1	1	1	1	1	1	0	0	1	1	1	0	1	1	1	1	1	1	1	1	0	0	1	0	0	1	1	1	1	0	0	0	1	1	0	1	1
1083261078	2	2	3	6	0	0	1	1	1	1	1	1	1	1	1	1	1	1	1	1	0	1	1	1	0	1	1	1	0	1	0	1	1	1	0	1	0	0	1	1	1	1	0	1	1	1	1	1	1	1
1082641047	2	2	3	6	0	0	1	0	0	0	1	1	0	1	0	0	1	0	0	1	0	0	0	0	0	0	0	0	0	0	0	0	0	0	0	0	0	0	0	0	0	1	0	0	0	0	0	0	0	0
1072655787	2	2	3	6	0	0	0	0	0	0	1	0	0	1	0	0	1	0	0	0	0	0	0	0	0	1	0	0	0	1	0	0	1	0	0	0	0	0	1	0	0	0	0	0	0	0	0	0	1	0
1051813936	2	2	3	6	1	1	1	1	1	1	1	0	0	1	1	0	1	1	1	0	0	1	1	1	0	1	1	1	0	1	1	1	1	0	1	0	1	0	0	1	1	0	0	0	1	0	0	0	0	1
1050816303	2	2	3	6	0	0	0	1	0	0	1	0	0	0	1	0	0	0	1	0	0	0	1	0	1	1	0	0	0	0	0	1	0	1	1	0	0	1	0	0	0	0	0	0	0	0	0	0	0	0
1050767945	2	2	3	6	0	0	1	0	1	0	1	1	0	1	1	1	1	1	1	0	0	0	1	0	1	1	1	0	1	1	0	1	1	0	0	1	0	0	1	1	1	1	0	0	0	0	1	0	1	1
1049067164	2	2	3	6	0	0	0	1	0	0	0	0	0	1	0	1	0	0	1	0	0	0	0	0	0	0	0	0	0	0	0	0	0	0	1	0	0	1	0	0	0	0	0	0	0	0	0	0	0	0
1048580273	2	2	3	6	0	0	0	0	0	0	0	0	0	1	0	1	0	0	0	0	0	0	0	0	0	0	0	0	0	0	0	0	0	0	0	0	0	0	0	0	0	0	0	0	0	0	0	0	0	0
1046057985	2	2	3	6	0	0	0	0	0	0	0	0	0	0	0	0	0	0	0	1	0	0	1	0	0	1	0	0	0	1	0	0	0	0	0	0	0	1	0	0	0	0	0	0	0	0	0	0	0	0
1046041836	2	2	3	6	0	0	0	1	0	0	1	0	0	1	0	0	1	0	1	1	0	0	0	0	0	1	0	0	0	0	0	0	0	1	0	0	0	0	0	0	0	0	0	0	0	0	0	1	0	0
1044911075	2	2	3	6	0	1	1	1	1	1	0	0	1	1	1	0	1	0	1	1	0	1	0	0	1	1	1	1	1	1	0	0	0	0	0	1	0	0	1	0	1	1	0	0	0	1	1	1	1	1
1042993361	2	2	3	6	0	0	1	1	1	0	0	1	0	1	1	0	1	1	1	1	0	0	1	0	0	1	0	0	0	0	0	0	0	0	0	0	0	0	1	1	0	0	0	0	0	0	0	0	1	0
1040554321	2	2	3	6	1	0	0	0	0	0	0	0	1	1	0	0	1	0	1	0	0	1	0	1	0	1	1	0	0	1	0	0	0	0	0	1	0	1	0	0	0	0	0	0	0	0	0	0	0	1
1039423467	2	2	3	6	0	0	0	1	0	0	0	1	0	1	0	0	1	0	1	0	0	1	0	0	0	0	0	0	0	1	0	1	0	0	0	0	0	0	0	1	0	1	0	0	0	0	0	1	0	0
1090964076	2	2	3	6	1	1	0	0	0	1	0	0	0	0	0	0	1	0	0	0	0	0	0	0	0	1	0	1	0	0	0	0	0	1	0	0	0	1	0	1	0	0	0	0	0	0	1	0	0	1
1085230196	2	2	3	6	0	0	0	0	0	0	0	0	0	0	0	0	1	1	1	0	0	0	0	0	0	0	0	0	0	0	0	0	0	0	0	0	0	0	0	0	0	0	0	0	0	0	0	0	0	0
1083151430	2	2	3	6	1	0	0	0	0	0	0	0	0	0	0	0	1	0	0	0	0	0	0	0	0	1	0	0	0	0	0	0	0	0	0	0	0	0	0	0	0	1	0	0	0	0	1	0	0	0
1083130710	2	2	3	6	1	0	0	0	0	0	0	0	0	0	0	0	0	0	0	0	0	0	0	0	0	0	0	0	0	0	0	0	0	0	0	0	0	0	0	0	0	0	0	0	0	0	0	0	0	0
1083083318	2	2	3	6	0	0	0	0	0	0	0	0	0	1	0	0	0	0	0	0	0	0	1	1	0	0	1	0	0	0	0	0	0	0	1	0	0	0	1	0	0	0	0	0	0	0	0	0	1	0
1081289433	2	2	3	6	1	0	0	0	0	0	0	0	0	1	0	0	0	1	1	0	0	0	0	0	0	0	0	0	0	0	0	0	0	1	0	0	0	1	0	0	0	0	0	0	0	0	0	0	0	1
1079110763	2	2	3	6	0	0	1	0	0	0	0	0	1	1	0	1	0	1	1	0	0	0	0	1	0	1	0	0	0	0	0	1	1	0	0	1	0	0	0	1	1	0	0	0	0	0	1	0	1	1
1078806473	2	2	3	6	0	0	0	0	1	0	0	1	0	1	0	0	1	0	0	1	0	0	0	0	0	1	0	0	0	1	0	0	1	1	0	0	0	0	0	0	0	0	0	1	1	0	1	0	0	0
1078020819	2	2	3	6	0	0	0	0	0	0	1	1	0	1	0	0	0	0	1	0	0	0	1	1	0	1	0	0	0	1	0	0	0	0	0	0	0	0	0	0	0	1	0	0	0	0	0	0	0	0
1077932906	2	2	3	6	0	0	0	0	0	0	0	0	0	0	0	0	0	0	0	0	0	0	0	0	0	0	0	0	0	0	0	0	0	1	0	0	0	0	0	0	0	0	0	1	0	0	0	0	0	0
1077465545	2	2	3	6	0	0	0	0	0	0	1	1	0	1	0	0	0	1	1	0	0	0	1	0	0	1	1	0	0	0	0	0	0	0	0	1	0	0	0	1	1	0	0	0	0	0	1	0	1	1
1077430269	2	2	3	6	1	1	0	0	1	1	0	0	0	0	0	0	0	1	0	0	0	0	1	1	0	0	1	1	0	1	0	0	0	0	0	0	0	0	0	0	0	0	0	1	1	0	0	0	0	0
1077429838	2	2	3	6	1	1	1	1	1	1	0	1	1	1	1	1	1	1	1	1	0	0	1	1	1	0	0	0	1	1	0	0	1	0	0	0	1	0	0	0	0	1	1	0	1	1	0	1	0	0
1077411998	2	2	3	6	0	0	0	1	0	0	1	0	0	0	0	0	0	0	0	0	0	1	0	0	0	1	0	0	0	0	0	0	0	0	0	0	0	0	0	0	0	0	0	0	0	0	0	1	0	0
1077398262	2	2	3	6	0	0	1	0	0	0	1	0	0	1	0	0	1	0	0	0	0	0	0	0	0	1	0	0	0	0	0	0	0	0	0	0	0	0	0	1	0	0	0	0	0	1	0	0	0	0
1077392986	2	2	3	6	0	1	0	0	0	0	0	0	0	0	0	0	1	0	0	0	0	0	0	0	0	0	0	0	0	0	0	0	0	0	0	0	0	1	0	0	0	0	0	0	0	0	0	0	0	1
1076226953	2	2	3	6	1	0	1	0	0	0	0	0	0	0	1	0	1	0	0	1	1	0	1	0	0	0	0	1	0	0	0	0	0	1	1	0	0	1	0	0	0	0	0	0	0	0	1	0	0	1
1075945433	2	2	3	6	0	0	0	1	0	0	1	0	0	0	0	0	0	0	1	0	0	1	0	0	0	0	0	0	0	0	0	0	1	0	0	0	0	0	0	0	0	0	0	0	0	0	0	0	1	0
1075927523	2	2	3	6	1	0	0	0	0	0	1	1	0	0	0	0	0	0	0	0	0	0	1	0	0	1	0	0	0	0	0	0	0	1	0	0	1	1	0	1	0	1	0	1	0	0	0	0	0	1
1075907926	2	2	3	6	1	0	0	0	0	0	1	0	0	0	0	0	1	0	0	0	0	0	0	0	0	0	0	0	0	0	0	0	0	1	0	0	0	0	0	0	0	0	0	0	0	0	0	0	0	0
1075884594	2	2	3	6	0	0	0	0	0	0	0	0	0	1	0	0	0	0	0	0	0	0	0	0	0	0	0	0	0	0	0	0	0	0	0	0	0	0	0	0	0	0	0	0	0	0	0	0	0	0
1075857316	2	2	3	6	0	0	0	0	0	0	0	0	0	1	0	0	0	0	0	0	0	0	0	0	0	0	0	0	0	0	0	0	0	0	0	0	0	0	0	0	0	0	0	0	0	0	0	0	0	0
1075834839	2	2	3	6	1	0	0	0	0	0	0	0	0	0	0	0	1	0	1	0	0	0	0	0	0	1	1	0	0	0	0	0	0	0	0	0	0	1	1	1	1	1	0	0	0	0	1	1	0	0
1075826205	2	2	3	6	1	0	0	0	0	0	0	0	0	1	0	0	1	1	1	0	0	0	1	0	0	1	0	0	0	1	0	0	0	1	0	0	0	1	0	0	0	0	0	0	0	0	0	0	0	1
1075782132	2	2	3	6	0	0	0	0	0	0	0	0	0	1	0	0	0	0	0	1	0	0	0	0	0	0	0	0	0	0	0	0	0	1	0	0	0	0	0	0	0	0	0	1	0	0	0	0	0	1
1074752814	2	2	3	6	1	0	1	0	0	0	1	0	0	0	0	0	1	0	1	0	0	0	0	0	0	0	0	0	0	1	0	0	0	0	0	0	0	0	0	0	0	1	0	0	1	0	0	0	0	0
1074727143	2	2	3	6	0	0	0	0	0	0	1	0	0	1	0	1	1	1	1	0	0	0	0	1	0	0	0	1	0	1	0	0	1	0	0	0	0	0	0	0	0	0	0	1	0	0	1	0	0	1
1074725640	2	2	3	6	0	1	1	0	0	0	0	0	0	0	0	0	1	0	0	0	0	0	0	0	0	1	0	0	0	0	0	0	0	0	0	0	0	0	0	0	0	0	0	0	0	0	1	0	0	0
1102674923	2	2	3	6	0	0	0	0	0	0	1	0	0	0	0	0	1	0	0	0	0	0	0	0	0	0	0	0	0	0	0	0	1	0	0	0	0	1	0	0	0	0	0	0	0	0	0	0	0	0
1089010839	2	2	3	6	0	0	1	0	0	0	1	0	0	1	1	1	1	1	1	0	1	0	1	0	0	1	1	0	0	0	0	1	1	1	0	1	0	1	1	1	0	0	0	0	0	0	1	0	1	0
1080468545	2	2	3	6	0	0	1	0	0	0	1	0	1	1	0	0	1	1	1	1	0	0	0	1	0	0	1	1	0	0	0	1	0	0	0	0	0	1	0	0	0	0	0	0	0	0	1	0	0	1
1079090953	2	2	3	6	0	0	0	0	0	0	0	0	0	0	1	0	1	0	0	0	0	0	0	0	0	1	0	0	0	0	0	0	0	0	0	0	0	1	0	0	0	0	0	0	0	0	0	0	0	0
1079059994	2	2	3	6	0	1	0	0	0	1	0	1	0	1	0	0	1	0	0	0	0	0	0	0	1	0	0	1	1	0	0	0	0	0	0	0	0	0	0	0	0	0	1	0	0	0	1	0	0	0
1078387295	2	2	3	6	0	0	0	1	0	0	0	1	0	0	0	0	1	0	0	0	0	0	0	0	0	0	0	0	0	0	0	0	0	0	0	0	0	0	0	0	0	0	0	0	0	0	0	1	0	0
1075826320	2	2	3	6	1	0	0	1	0	0	0	1	0	1	1	0	1	0	0	1	0	0	1	0	1	1	1	0	0	1	0	0	0	1	0	0	1	1	1	0	0	0	1	1	0	0	0	1	1	0
1074728015	2	2	3	6	0	0	1	0	0	0	1	0	0	1	0	0	1	1	1	0	0	1	0	0	0	1	0	1	0	0	0	0	1	0	0	0	0	1	1	1	0	0	0	0	0	0	0	1	0	0
1073712792	2	2	3	6	0	0	0	0	0	0	0	0	0	1	0	0	0	0	0	0	0	0	0	0	0	0	0	0	0	0	0	0	0	0	0	0	0	0	0	0	0	0	0	0	0	0	0	0	0	0
1072423480	2	2	3	6	0	0	0	1	0	0	0	0	0	0	0	1	0	0	0	0	0	1	0	1	0	0	0	0	0	0	0	0	1	0	0	0	0	0	0	0	0	0	0	0	0	0	0	1	0	0
1072302840	2	2	3	6	0	0	0	1	0	0	0	0	0	1	0	0	1	1	1	1	0	1	0	0	0	0	0	0	0	0	0	0	0	0	0	0	0	0	1	0	0	0	0	0	0	0	0	1	0	0
1072297939	2	2	3	6	0	0	0	0	0	0	0	0	0	0	0	0	0	0	0	0	0	0	0	0	0	0	0	0	0	0	0	0	0	0	0	0	0	1	0	0	0	0	0	0	0	0	0	0	0	0
1069509430	2	2	3	6	0	1	0	0	0	1	0	0	0	0	0	0	1	0	1	1	0	1	0	0	1	1	1	1	1	1	1	1	1	1	0	0	0	1	1	0	1	0	0	0	1	0	1	0	0	1
1069482336	2	2	3	6	0	0	0	0	0	0	0	0	0	1	0	0	1	0	1	0	0	0	0	0	0	0	0	0	0	0	0	0	1	0	0	0	0	0	0	0	0	0	0	0	0	0	0	0	0	1
1069239918	2	2	3	6	0	0	0	0	1	0	1	1	1	1	0	1	1	1	0	0	0	0	0	1	1	1	1	0	0	1	0	0	1	1	0	0	0	1	1	1	1	0	1	0	1	0	1	0	0	0
1069151068	2	2	3	6	0	0	1	0	0	0	1	0	1	0	1	1	1	1	0	1	0	0	0	1	0	1	1	1	0	0	0	0	1	0	0	0	0	0	0	0	0	1	0	1	1	0	0	0	0	1
1069002056	2	2	3	6	0	0	1	0	0	0	0	0	0	0	0	0	0	0	0	0	0	0	0	0	0	0	0	0	0	0	0	1	0	0	0	0	0	0	0	0	0	0	0	0	1	0	0	0	0	0
1067649320	2	2	3	6	0	0	0	0	0	0	0	1	0	1	0	0	0	0	1	0	0	1	0	0	0	0	0	0	0	0	0	1	0	0	0	0	0	0	0	0	1	0	0	0	0	0	0	1	0	0
1067264039	2	2	3	6	0	0	1	1	1	1	1	1	0	1	1	1	1	1	1	1	0	0	1	0	0	1	0	0	0	1	0	1	1	1	0	1	0	1	1	1	1	1	0	0	0	0	1	1	1	1
1066660948	2	2	3	6	1	1	0	1	1	0	0	1	0	1	0	0	1	0	1	0	0	0	0	0	0	0	0	0	0	0	0	0	1	0	0	0	0	0	0	0	0	0	0	0	0	0	0	1	0	0
1066624371	2	2	3	6	0	0	0	0	0	0	1	1	0	1	0	0	0	0	1	0	0	0	0	0	0	0	0	0	0	0	0	1	0	0	0	0	0	0	0	0	0	1	0	0	0	0	0	0	0	1
1066308636	2	2	3	6	0	0	0	0	0	0	1	0	0	0	0	0	1	1	1	0	0	0	0	1	0	1	0	0	0	0	0	0	0	0	1	0	0	0	0	0	1	0	0	0	0	0	1	0	0	0
1066259321	2	2	3	6	1	0	0	1	1	1	0	1	1	1	1	1	1	0	1	1	0	1	1	0	0	1	0	1	0	1	0	1	1	0	0	1	0	1	0	1	0	1	0	0	0	0	1	1	0	0
1066169518	2	2	3	6	0	0	0	0	1	0	0	0	0	1	0	0	0	0	1	0	0	1	0	0	0	0	0	0	0	0	1	1	0	0	0	0	0	0	0	0	0	0	0	0	0	0	0	0	0	0
1064680184	2	2	3	6	0	1	0	0	0	0	0	1	0	1	0	0	1	1	1	1	0	0	0	0	0	1	0	0	0	0	0	0	0	0	0	0	0	1	1	0	0	0	0	0	0	0	0	0	0	0
1064636470	2	2	3	6	0	0	0	0	0	0	0	0	0	1	0	0	1	0	0	0	0	0	0	0	0	0	0	0	0	0	0	0	0	0	0	0	0	1	0	0	0	0	0	0	0	0	0	1	0	0
1064582968	2	2	3	6	0	0	0	1	0	0	1	1	1	1	0	0	1	0	1	1	0	1	0	0	0	0	0	0	0	1	0	1	0	1	0	0	0	1	1	0	0	0	0	0	1	0	1	1	0	0
1064525369	2	2	3	6	0	0	0	1	0	0	0	1	0	0	0	0	0	0	0	0	0	1	0	0	0	1	0	0	0	0	0	0	0	0	0	0	0	0	0	0	0	0	0	0	0	0	0	1	0	0
1064503866	2	2	3	6	1	1	0	1	0	0	0	0	0	0	0	0	0	0	0	0	0	1	1	0	0	0	0	0	0	0	0	0	0	1	0	0	0	0	1	1	0	0	0	0	0	0	0	1	1	0
1064300500	2	2	3	6	0	0	0	0	0	0	1	0	0	1	0	0	1	0	0	0	0	0	0	0	0	1	0	0	0	0	0	1	0	0	0	0	0	1	0	1	0	0	0	0	0	0	0	0	0	0
1064293893	2	2	3	6	0	1	0	0	1	1	1	0	1	1	1	1	1	1	0	0	0	0	0	0	0	0	0	0	0	0	0	0	0	0	0	1	0	1	0	1	0	0	0	0	0	0	0	0	1	0
1064285455	2	2	3	6	0	1	1	0	0	0	0	0	0	1	1	0	1	1	1	1	0	0	1	0	0	0	0	1	0	0	0	1	0	1	0	0	0	1	1	0	0	0	0	0	1	0	0	0	0	0
1088114482	2	2	3	6	0	0	0	0	1	0	1	1	1	1	0	1	1	1	1	0	0	0	0	1	0	0	1	0	0	0	0	1	1	0	0	1	0	0	1	1	1	1	0	1	0	0	1	0	1	1
1088099922	2	2	3	6	0	0	1	0	1	0	0	0	1	1	1	1	1	1	1	0	1	1	1	0	0	1	1	0	0	1	1	1	1	1	0	1	1	1	1	1	1	0	0	0	1	0	0	0	1	1
1086353950	2	2	3	6	0	0	0	0	0	0	1	0	0	1	1	0	1	0	0	0	0	0	0	0	0	1	1	0	0	0	0	1	0	0	0	0	0	0	0	1	0	1	0	0	0	0	0	0	0	1
1055456223	2	2	3	6	0	0	1	0	0	0	1	1	0	1	1	0	1	0	0	1	0	0	0	0	0	1	0	0	0	0	0	0	0	0	0	0	0	0	1	0	0	1	0	0	0	0	0	0	0	0
1045350907	2	2	3	6	0	0	0	0	0	0	1	0	0	1	0	0	0	0	0	0	1	0	0	0	0	0	0	0	0	0	0	0	0	0	0	0	0	0	0	0	0	0	0	0	0	0	0	0	0	0
1043354111	2	2	3	6	0	0	0	0	0	0	0	0	0	1	0	1	0	0	0	0	0	0	0	0	0	0	0	0	0	0	0	0	0	1	0	0	0	0	0	0	0	0	0	0	0	0	0	0	0	0
1042499325	2	2	3	6	1	0	0	1	0	0	0	0	0	0	0	0	1	0	1	0	0	1	0	0	0	0	0	0	0	1	0	0	0	0	0	0	0	0	0	0	0	0	0	0	0	0	0	0	0	0
1042030046	2	2	3	6	1	0	0	0	0	1	1	0	0	0	0	0	1	0	0	0	0	0	0	1	0	0	0	1	0	0	0	0	0	0	0	0	0	0	0	0	0	0	0	0	0	0	1	0	0	1
